	aa2ar	abl1	ace	aces	ada	ada17	adrb1	adrb2	akt1	akt2	aldr	ampc	andr	aofb	bace1	braf	cah2	casp3	cdk2	comt	cp2c9	cp3a4	csf1r	cxcr4	def	dhi1	dpp4	drd3	dyr	egfr	esr1	esr2	fa10	fa7	fabp4	fak1	fgfr1	fkb1a	fnta	fpps	gcr	glcm	gria2	grik1	hdac2	hdac8	hivint	hivpr	hivrt	hmdh	hs90a	hxk4	igf1r	inha	ital	jak2	kif11	kit	kith	kpcb	lck	lkha4	mapk2	mcr	met	mk01	mk10	mk14	mmp13	mp2k1	nos1	nram	pa2ga	parp1	pde5a	pgh1	pgh2	plk1	pnph	ppara	ppard	pparg	prgr	ptn1	pur2	pygm	pyrd	reni	rock1	rxra	sahh	src	tgfr1	thb	thrb	try1	tryb1	tysy	urok	vgfr2	wee1	xiap
aa2ar	100.0	16.18	12.22	14.03	14.57	13.41	34.24	25.65	16.9	17.16	15.26	18.16	15.04	12.58	15.57	15.99	14.53	13.23	13.53	12.09	13.85	15.56	15.9	18.55	14.78	15.01	11.04	30.79	14.43	14.41	16.09	15.03	12.26	17.02	10.89	15.0	12.77	10.3	13.41	18.7	14.51	14.57	14.63	14.53	12.21	13.11	17.04	8.87	13.61	12.56	12.54	13.62	13.08	16.36	13.07	17.26	15.01	15.74	16.18	19.57	16.31	15.45	14.8	15.52	16.18	17.24	16.57	16.62	13.61	13.14	15.37	11.84	11.09	16.02	16.71	12.56	10.6	15.87	14.97	14.67	16.08	11.46	15.2	13.3	16.15	16.12	13.89	14.48	15.0	16.93	13.96	16.87	16.57	15.38	15.2	14.01	13.69	15.95	14.7	13.59	15.59	12.25
abl1	16.18	100.0	11.71	15.1	16.43	13.64	12.4	19.67	21.23	20.17	19.47	15.19	16.03	16.2	15.96	24.71	13.69	11.8	21.14	18.75	15.37	13.92	30.9	16.16	14.84	16.67	13.29	16.19	16.9	31.25	16.16	14.94	15.38	17.43	11.87	33.79	36.08	9.96	11.51	15.5	17.36	14.46	17.83	16.61	14.67	15.3	12.54	11.36	16.71	12.76	14.69	16.62	36.3	17.76	14.48	29.64	13.91	28.22	14.77	21.49	37.16	13.77	18.48	13.87	31.95	23.76	22.44	19.69	15.18	21.78	14.25	16.5	16.28	15.83	12.43	15.89	12.54	17.36	16.61	17.13	18.45	16.41	13.22	15.09	13.74	15.89	16.03	15.44	20.42	14.01	16.26	38.93	21.9	15.57	17.63	17.22	14.96	15.12	15.02	31.19	17.18	10.92
ace	12.22	11.71	100.0	15.09	16.9	11.79	13.01	11.19	14.44	14.29	14.0	16.03	12.41	16.53	15.09	14.11	12.98	9.57	14.34	11.98	14.45	14.4	13.01	14.38	9.65	15.37	17.74	12.35	9.91	13.96	12.3	11.67	11.67	12.32	7.37	11.11	12.61	7.26	16.83	16.75	12.61	16.88	13.07	13.49	14.0	13.31	10.87	4.27	12.48	17.31	9.76	10.28	12.72	11.25	10.83	12.3	12.72	11.75	13.69	14.61	12.79	17.38	13.12	13.2	12.77	13.55	12.28	12.85	10.42	12.35	13.72	11.31	12.67	13.61	14.01	14.46	15.09	10.88	11.61	12.12	12.31	11.92	14.72	13.06	11.81	15.02	14.21	16.51	14.29	9.39	15.67	12.5	12.86	11.82	13.51	9.84	15.3	14.07	12.66	12.72	10.46	8.63
aces	14.03	15.1	15.09	100.0	15.98	13.1	12.15	11.41	15.27	15.03	14.57	17.04	14.86	18.67	14.04	14.67	14.57	13.51	13.09	11.76	16.4	15.48	15.14	15.07	9.72	15.15	15.7	13.65	11.41	14.56	16.63	16.07	13.69	15.6	10.19	13.26	14.9	9.24	14.53	15.02	16.44	18.82	15.88	16.63	12.75	15.3	13.02	8.53	13.38	16.72	10.96	13.81	13.63	13.02	12.07	13.68	14.32	16.52	14.29	13.37	13.46	16.96	12.36	13.44	13.4	14.66	13.7	15.29	13.47	12.99	15.64	18.09	14.98	15.55	13.77	14.71	13.9	14.74	14.81	14.41	14.44	13.57	15.13	12.88	14.51	14.67	13.59	16.51	16.14	13.17	15.12	12.37	13.22	12.34	13.21	13.9	13.86	13.81	13.62	16.09	12.34	11.81
ada	14.57	16.43	16.9	15.98	100.0	15.8	15.83	14.4	20.33	15.53	14.74	16.17	14.95	15.15	16.19	15.71	14.86	13.2	17.28	14.56	16.01	15.08	16.53	15.51	13.61	13.3	14.95	14.72	12.54	15.9	15.98	17.51	15.32	17.08	11.45	17.55	15.72	10.91	14.26	13.97	17.88	16.67	16.83	17.61	17.63	16.63	14.99	9.76	16.21	12.94	15.77	17.11	14.36	16.14	14.88	14.89	16.22	17.02	16.75	14.98	16.07	15.34	14.25	14.48	18.08	16.09	13.27	18.36	10.87	16.06	15.69	15.46	17.1	18.34	16.88	16.34	12.96	15.32	16.25	13.88	17.97	16.62	17.23	13.4	16.44	15.73	16.03	17.63	17.7	16.57	15.45	14.03	14.42	14.37	15.24	11.54	16.77	16.8	12.57	16.31	15.97	12.35
ada17	13.41	13.64	11.79	13.1	15.8	100.0	14.15	12.12	13.48	12.94	14.54	13.49	13.04	15.07	15.32	13.42	17.88	14.79	16.67	15.2	15.05	11.02	15.48	13.57	16.33	14.12	12.86	15.38	17.95	15.92	14.94	13.64	17.56	13.76	11.43	14.74	12.58	11.65	12.59	16.1	18.79	12.58	16.33	17.05	14.73	16.67	14.89	9.73	15.0	12.27	16.97	15.69	14.37	17.78	14.39	16.93	16.56	11.51	18.21	14.12	12.99	12.28	14.55	15.62	17.59	17.85	15.65	16.56	16.73	16.48	17.17	14.4	14.5	14.55	17.15	14.54	11.65	18.51	14.87	14.67	15.62	16.34	14.94	14.64	16.72	15.15	15.72	13.08	15.61	13.83	13.28	15.65	15.24	16.42	16.94	15.88	12.22	16.62	16.06	15.5	14.54	17.62
adrb1	34.24	12.4	13.01	12.15	15.83	14.15	100.0	50.72	15.45	14.08	14.75	17.28	15.48	15.03	14.07	18.65	14.94	14.65	16.43	14.19	13.49	13.92	16.11	22.12	16.49	17.12	11.84	35.76	12.91	17.13	14.75	16.99	14.33	16.21	10.07	14.47	14.84	11.56	13.14	18.36	16.94	13.92	15.83	16.47	12.47	13.22	17.28	11.07	15.52	11.91	13.37	12.36	16.47	13.35	15.11	13.8	13.89	17.26	17.96	12.11	17.12	13.98	16.35	15.62	15.92	14.2	15.08	15.54	13.82	14.4	16.54	15.9	13.61	17.78	14.72	13.39	12.26	14.49	17.57	18.86	14.53	14.97	17.51	14.08	16.83	14.91	14.88	15.78	14.72	17.69	14.95	16.21	13.61	13.54	16.76	13.64	13.12	15.34	14.85	16.81	14.33	11.72
adrb2	25.65	19.67	11.19	11.41	14.4	12.12	50.72	100.0	15.19	14.8	14.29	17.32	13.85	14.56	14.97	15.07	14.02	13.21	14.53	14.98	16.88	13.66	15.87	22.22	13.94	18.02	10.25	27.18	12.14	15.99	16.54	15.31	17.01	15.61	11.43	17.0	16.17	11.65	10.86	15.88	14.14	12.45	13.56	13.73	14.21	12.25	15.02	9.96	16.72	10.1	13.22	11.8	17.53	15.61	13.87	16.83	14.8	16.93	17.66	15.11	14.55	11.81	18.06	14.76	14.16	16.23	18.51	15.82	14.49	15.45	13.6	16.3	13.74	13.77	15.34	14.06	11.51	15.54	18.08	15.6	14.33	12.5	16.51	14.9	18.24	14.78	14.07	14.84	14.74	14.04	15.62	16.12	14.68	13.36	13.42	13.36	14.02	15.03	14.58	17.54	16.72	9.92
akt1	16.9	21.23	14.44	15.27	20.33	13.48	15.45	15.19	100.0	73.24	16.9	17.22	15.56	16.26	18.69	20.95	16.86	15.31	22.32	13.78	16.95	14.93	20.58	14.85	16.94	17.48	13.8	16.62	13.29	19.48	12.62	12.95	17.55	18.54	10.13	21.05	21.34	11.41	13.82	17.46	16.14	14.83	16.49	14.8	17.01	18.6	15.71	9.06	14.93	13.28	17.21	15.83	18.4	14.97	16.24	20.99	14.71	19.05	18.29	43.53	19.21	16.07	24.2	15.32	21.69	20.97	22.46	25.0	13.64	22.52	15.35	12.94	15.76	16.45	17.21	15.72	14.31	25.74	14.12	18.83	15.57	18.89	15.28	15.6	16.15	15.09	15.38	17.41	33.73	14.24	16.25	24.09	22.42	16.83	15.14	13.15	12.91	14.17	16.38	21.74	19.27	14.38
akt2	17.16	20.17	14.29	15.03	15.31	12.94	14.08	14.8	73.24	100.0	16.58	15.98	15.0	15.97	17.29	21.59	15.69	13.26	23.94	13.6	18.76	14.52	17.32	13.94	14.57	13.6	14.67	15.5	12.68	18.58	13.3	13.08	15.51	15.75	10.32	18.87	18.16	8.85	13.26	14.76	13.51	16.89	15.47	14.21	18.38	18.41	13.39	8.12	14.73	15.56	15.03	15.38	15.71	15.63	14.45	19.29	16.42	14.36	15.83	41.16	19.07	17.69	23.01	14.17	18.06	20.11	19.95	22.38	13.56	22.02	14.0	14.7	15.24	15.91	15.61	15.71	16.52	22.29	15.92	15.79	15.38	17.22	15.95	14.57	14.56	14.95	17.05	16.63	31.77	13.55	16.38	19.25	21.53	15.58	17.24	12.53	12.31	15.9	13.97	20.2	17.7	12.32
aldr	15.26	19.47	14.0	14.57	14.74	14.54	14.75	14.29	16.9	16.58	100.0	16.55	16.72	13.56	16.04	16.41	18.93	14.92	18.01	12.75	14.29	15.29	17.46	14.29	15.65	15.63	13.47	15.79	17.04	19.94	17.67	17.52	17.13	17.27	13.51	16.91	16.33	10.31	12.37	18.11	15.98	13.08	17.93	17.06	17.32	17.27	15.84	13.01	16.14	13.01	16.93	17.31	17.21	19.42	13.2	15.95	13.91	16.03	14.92	16.03	18.84	16.41	17.53	14.07	15.79	18.34	15.75	20.54	13.74	14.55	17.71	12.32	15.48	14.56	16.58	13.35	13.26	15.63	15.68	16.71	15.89	14.98	16.76	14.75	16.12	15.47	14.96	15.16	14.51	13.84	14.45	16.57	16.99	16.67	16.21	16.61	15.64	16.54	15.66	19.71	14.5	12.94
ampc	18.16	15.19	16.01	17.04	16.17	13.49	17.28	15.04	17.22	15.98	15.66	100.0	14.91	16.83	16.24	17.0	15.91	11.64	15.0	13.49	16.94	16.1	17.51	15.09	10.26	12.72	14.03	12.9	12.11	17.45	14.88	16.54	13.33	15.62	9.29	14.56	16.71	9.44	15.65	15.91	14.04	14.86	16.63	16.32	15.91	15.57	18.72	9.19	16.16	15.2	14.05	13.44	16.27	15.09	14.44	12.35	14.04	17.44	14.11	15.14	16.02	16.42	17.07	13.71	18.33	15.5	14.97	16.88	12.85	15.61	16.93	15.54	12.91	13.62	15.8	15.52	14.61	15.72	15.09	14.6	13.37	15.36	14.39	12.99	14.53	14.02	15.95	17.38	15.99	14.36	13.73	11.78	15.89	13.47	15.49	13.61	17.78	16.07	14.83	15.99	14.51	10.83
andr	15.04	16.03	12.41	14.86	14.95	13.04	15.48	13.85	15.56	15.0	16.72	14.91	100.0	14.5	12.47	13.07	16.61	16.03	16.45	16.06	12.91	14.13	17.24	15.34	15.29	14.79	11.02	15.56	15.1	14.24	22.98	22.33	16.08	14.85	13.75	17.83	16.67	11.46	12.48	16.14	46.22	12.35	15.38	17.73	14.21	13.17	13.24	11.49	14.91	11.0	15.94	13.4	13.89	15.65	16.8	16.18	13.33	14.8	14.37	16.82	16.09	12.83	15.82	53.04	14.74	17.36	15.27	15.38	12.07	11.76	16.26	13.93	14.29	13.61	13.81	15.27	13.11	14.87	14.56	15.07	15.15	14.07	42.52	16.56	17.45	14.74	16.77	14.11	16.02	21.96	14.01	16.44	13.77	16.92	13.82	15.77	12.36	16.22	18.28	17.21	16.17	14.53
aofb	12.58	16.2	16.53	18.67	15.15	15.07	15.03	14.56	16.26	15.97	13.56	16.63	14.5	100.0	14.83	15.81	14.14	11.56	13.96	10.29	17.59	15.64	14.05	12.83	10.41	16.16	15.64	14.96	13.02	13.85	11.37	13.71	15.67	13.93	10.13	12.84	15.17	7.03	13.95	14.67	13.79	19.68	13.61	14.5	14.63	14.37	13.88	8.15	12.75	14.01	12.93	14.38	13.92	15.81	11.65	14.14	12.9	15.07	14.81	16.4	16.92	15.86	13.66	13.45	16.09	14.71	14.74	14.34	11.49	13.27	16.5	17.58	16.11	15.9	17.09	15.97	14.01	14.78	13.11	14.44	14.16	14.81	16.53	11.05	13.04	16.7	14.14	14.82	15.84	14.16	15.99	13.81	13.5	14.58	14.11	14.11	18.71	14.0	15.45	16.1	12.4	9.69
bace1	15.57	15.96	15.77	14.04	16.19	15.32	14.07	14.97	18.69	17.29	16.04	16.95	12.47	14.83	100.0	16.9	15.02	15.46	16.54	12.63	17.63	15.73	14.95	13.03	10.94	17.52	15.17	14.54	15.16	16.63	11.94	16.05	14.95	14.21	10.54	15.9	14.85	8.73	13.42	16.03	13.4	16.22	16.2	15.23	14.23	18.02	15.54	10.71	14.79	13.38	13.62	13.23	14.8	15.0	12.3	18.09	14.76	14.35	17.82	15.2	15.4	14.93	15.46	14.79	15.42	16.79	17.96	15.84	14.66	15.31	15.2	16.16	16.49	17.54	16.34	14.54	14.48	16.19	14.49	12.28	13.66	12.21	15.4	13.82	13.78	15.95	16.33	22.17	17.38	14.5	17.58	16.38	15.95	13.48	14.22	16.45	14.54	15.88	17.3	17.73	15.48	9.65
braf	15.99	24.71	14.11	14.67	15.71	13.42	18.65	15.43	20.95	21.59	16.41	17.0	13.07	15.81	16.9	100.0	17.55	14.45	19.41	14.33	15.89	14.26	21.29	16.75	13.58	16.67	12.32	15.15	13.91	23.44	13.7	16.94	16.37	14.17	12.65	23.17	22.69	8.9	15.17	15.09	13.19	14.5	14.18	13.23	16.75	16.13	14.16	11.31	15.53	13.73	13.35	18.63	23.45	14.89	15.52	23.56	14.59	19.9	16.3	21.64	24.43	14.34	17.66	15.3	24.72	20.74	21.59	22.38	13.93	21.51	16.46	13.93	14.29	15.53	16.94	15.68	14.76	21.41	15.17	16.85	14.85	16.29	16.62	14.99	16.03	16.82	17.02	14.67	18.43	17.77	17.33	26.18	26.12	17.61	17.69	14.25	13.15	15.35	14.36	27.15	17.39	9.48
cah2	14.53	13.69	12.98	14.16	14.97	17.88	14.94	14.02	16.86	15.69	18.93	15.91	16.61	13.79	15.02	17.55	100.0	12.68	17.68	15.59	13.07	13.28	17.03	15.34	13.88	13.54	10.85	12.92	15.52	18.1	15.25	18.35	13.66	12.61	13.06	17.79	16.05	12.6	10.87	16.41	13.73	15.15	15.2	16.61	14.6	15.28	15.81	10.31	17.54	11.97	13.78	15.38	18.13	16.1	15.44	20.19	16.51	13.77	15.62	13.86	17.43	15.96	15.96	18.84	17.76	16.93	15.36	17.09	15.22	15.23	13.78	15.32	17.28	16.87	15.17	15.47	12.92	15.94	13.38	14.38	19.17	17.16	14.66	17.38	16.24	12.0	21.45	15.04	16.67	18.06	15.83	19.14	18.04	18.12	14.15	13.64	13.38	15.2	16.67	16.42	18.4	13.33
casp3	13.23	11.8	9.57	13.51	13.2	14.79	14.65	13.21	15.31	13.26	14.92	11.64	16.03	11.56	15.46	14.45	12.68	100.0	16.07	15.16	13.57	12.42	14.85	17.31	11.06	14.46	10.41	14.34	16.74	16.73	15.72	13.09	18.25	18.42	15.69	14.74	13.19	13.88	9.71	13.12	13.0	11.39	13.17	16.37	14.03	12.57	15.68	12.44	15.56	10.34	15.38	14.71	15.09	14.39	13.69	14.13	12.14	14.48	15.67	14.29	12.1	11.04	15.5	14.73	14.58	15.77	12.5	14.29	16.39	14.6	14.71	15.53	12.96	12.36	15.16	12.62	11.72	16.04	15.44	17.1	17.24	15.12	13.87	13.79	15.04	12.25	13.46	10.29	14.37	12.79	12.09	18.47	16.39	16.21	16.17	12.73	11.81	13.89	15.62	12.06	13.89	11.93
cdk2	13.53	21.14	14.34	13.09	17.28	16.67	16.43	14.53	22.32	23.94	18.01	14.87	16.23	13.96	16.54	19.35	18.27	16.07	100.0	13.61	17.38	15.35	19.41	15.58	15.44	17.11	13.6	15.77	16.04	20.47	13.56	17.13	12.25	14.24	13.54	22.37	19.88	12.5	14.06	17.7	14.15	16.39	15.2	19.06	15.72	15.76	14.38	11.51	16.91	11.67	17.65	16.25	19.08	16.88	16.34	24.22	14.94	21.17	18.26	24.4	22.43	13.89	20.89	15.11	20.12	30.56	26.63	31.17	17.79	26.53	15.59	17.12	15.12	15.5	16.3	14.58	13.63	21.54	18.24	16.4	17.91	17.09	18.23	15.11	16.72	16.46	19.3	15.23	23.73	19.33	18.2	24.15	22.43	16.72	17.14	12.91	12.84	16.67	13.48	22.06	17.9	11.97
comt	12.09	18.75	11.98	11.76	14.56	15.2	14.19	14.98	14.19	13.6	12.75	13.49	16.06	10.29	12.63	14.33	15.59	15.16	13.61	100.0	13.09	12.81	14.52	16.35	18.31	15.9	9.0	14.55	17.43	14.14	16.73	17.79	15.83	14.89	15.38	13.4	18.18	13.74	11.31	17.28	17.75	13.4	16.26	12.95	14.17	13.37	15.04	11.57	14.8	8.73	15.42	14.02	16.84	12.5	17.6	16.61	13.72	15.02	14.02	13.31	16.61	11.55	14.44	11.33	15.88	16.67	15.54	19.06	11.92	14.63	13.71	13.15	12.7	12.61	13.95	12.47	10.36	16.67	15.55	15.3	14.38	13.36	17.06	14.75	19.71	13.37	13.61	11.92	12.84	16.67	12.85	12.55	15.7	17.5	17.02	16.39	13.05	13.33	13.01	12.77	16.12	12.44
cp2c9	13.85	15.69	14.45	16.4	16.01	15.05	13.49	16.88	16.95	18.76	14.29	16.94	12.91	17.59	17.56	15.89	13.07	13.49	17.38	13.09	100.0	22.75	16.27	14.0	8.86	16.02	14.57	15.66	12.5	14.71	14.97	17.09	16.41	14.91	10.29	14.59	14.25	9.4	12.88	15.35	16.12	13.51	15.88	13.29	14.57	15.11	14.15	8.23	14.32	12.94	12.44	13.56	14.39	12.6	10.97	15.58	17.8	12.99	15.94	15.52	16.75	15.61	15.51	15.08	16.07	16.7	16.59	15.4	10.4	18.2	15.11	14.91	13.95	18.39	17.2	17.44	13.72	15.27	15.88	13.4	15.19	15.05	14.55	13.47	14.04	16.67	15.9	13.99	16.29	16.18	16.84	12.74	13.8	15.08	15.48	12.3	15.37	15.71	15.19	16.78	12.87	11.49
cp3a4	15.56	13.92	14.4	15.48	15.08	11.02	13.92	13.66	14.93	14.52	15.29	16.1	14.13	15.64	15.73	14.26	13.28	12.42	15.35	12.81	22.75	100.0	12.84	13.84	10.04	16.01	14.45	14.26	13.45	14.32	14.86	12.53	12.94	14.1	8.9	11.38	14.6	8.49	16.47	14.68	11.89	17.2	14.15	14.98	14.66	13.24	11.33	8.26	13.55	14.42	12.69	11.49	13.15	12.67	13.54	15.01	13.97	16.03	15.27	15.29	14.72	15.83	12.8	13.99	12.5	15.0	14.76	15.72	11.5	13.93	14.82	14.43	14.6	17.68	14.47	17.79	17.79	15.22	13.58	13.03	16.74	13.85	16.14	13.2	13.05	15.88	16.3	18.82	14.26	13.0	16.43	14.19	14.07	15.38	13.47	13.86	15.7	14.5	11.92	15.04	13.91	8.94
csf1r	15.9	30.9	13.01	15.14	16.53	15.48	16.11	15.87	20.58	17.32	17.46	17.51	17.24	14.05	14.95	21.29	17.03	14.85	19.41	14.52	16.27	12.84	100.0	14.53	13.69	15.41	11.59	15.82	14.44	29.29	18.1	14.57	15.96	14.02	12.87	29.33	48.03	11.48	13.63	18.18	16.44	15.14	16.72	17.73	13.87	16.26	13.97	9.89	16.43	12.58	14.24	13.39	33.33	15.41	13.26	26.71	15.38	66.67	16.67	19.55	36.4	14.97	19.05	16.94	32.88	24.19	22.15	22.78	15.6	20.18	14.32	16.1	14.22	17.72	14.9	14.16	14.41	23.21	16.83	15.38	16.41	14.1	16.72	15.48	16.88	16.59	16.08	13.73	18.91	16.01	15.9	30.1	20.83	14.72	15.81	16.5	17.08	14.29	18.09	38.76	20.0	13.0
cxcr4	18.55	16.16	14.38	15.07	15.51	13.57	22.12	22.22	14.85	13.94	14.29	15.09	15.34	12.83	13.03	16.75	15.34	17.31	15.58	16.35	14.0	13.84	14.53	100.0	13.71	15.3	12.09	23.17	13.6	14.88	17.09	14.9	13.57	15.84	11.67	12.81	13.73	9.3	13.71	14.49	16.82	13.96	13.4	14.21	16.78	14.95	13.43	10.62	17.25	12.25	15.38	16.01	14.2	13.73	13.0	13.11	14.41	13.48	14.78	15.59	16.52	16.29	17.39	15.77	14.17	16.57	15.1	18.57	14.29	14.25	16.43	15.57	15.38	16.05	17.4	14.99	12.35	15.54	14.93	18.27	16.57	19.81	16.04	16.48	13.64	14.82	16.06	15.97	18.23	15.32	14.78	14.37	14.92	13.3	10.61	14.98	13.93	13.18	16.04	19.13	15.58	12.86
def	15.22	14.84	9.65	9.72	13.61	16.33	16.49	13.94	17.26	14.57	15.65	10.26	15.29	10.41	10.65	13.58	13.88	11.06	15.44	18.31	8.86	10.04	13.69	13.71	100.0	13.15	8.7	14.34	18.22	15.75	12.4	13.5	12.92	15.67	18.18	14.89	15.53	14.05	9.41	16.45	16.34	11.52	11.52	15.21	11.79	13.27	13.47	12.07	13.62	9.97	15.11	12.5	13.06	15.75	14.67	11.79	15.33	13.12	13.51	15.36	16.42	10.31	17.86	14.35	13.04	16.24	13.55	12.59	12.21	14.37	10.84	13.42	7.69	13.15	14.33	11.82	8.86	17.05	17.65	15.33	13.72	17.89	14.08	14.79	16.14	10.18	15.55	11.44	14.37	15.16	11.83	15.44	14.44	15.57	17.1	15.02	10.95	12.81	13.65	12.75	16.8	12.18
dhi1	15.01	16.67	15.37	15.15	13.3	14.12	17.12	18.02	17.48	13.6	15.63	12.72	14.79	16.02	16.9	16.67	13.54	14.46	17.11	15.9	15.69	16.01	15.41	15.3	13.15	100.0	13.71	17.68	11.76	14.99	14.04	16.37	16.67	15.82	12.2	12.36	18.37	9.6	14.49	17.02	14.74	16.1	17.04	15.38	13.99	15.74	15.45	9.6	15.71	14.48	16.76	14.37	15.97	18.56	14.12	15.03	14.21	17.13	15.34	14.11	17.09	14.4	14.25	17.18	14.17	15.45	13.16	16.85	12.09	15.38	16.34	16.22	14.85	15.48	14.99	14.72	13.9	13.75	14.99	16.45	19.38	16.15	16.9	16.71	13.66	17.45	17.05	16.67	17.28	15.25	14.25	15.47	14.61	16.22	12.89	13.74	12.79	15.59	15.12	14.58	16.82	11.04
dpp4	11.04	13.29	17.74	15.7	14.95	12.22	11.84	10.53	13.8	14.67	13.47	14.03	11.02	15.64	15.17	12.32	10.85	10.41	13.6	9.0	14.57	14.45	11.59	12.09	8.7	13.71	100.0	12.99	11.34	12.52	10.82	11.54	10.44	13.69	7.14	10.5	12.09	7.49	17.08	13.57	11.86	15.17	12.95	12.05	14.56	16.04	9.14	6.91	12.08	14.17	10.54	11.51	10.92	10.47	8.98	11.43	11.57	13.87	12.59	13.17	11.44	16.59	12.1	11.86	11.76	13.59	12.58	12.58	9.4	14.88	13.4	13.66	14.83	14.45	14.52	14.71	16.1	11.69	11.38	11.67	11.18	10.42	13.12	13.83	11.84	15.63	12.48	17.93	14.31	9.36	15.65	10.75	11.62	12.06	12.67	11.49	15.32	13.08	12.21	14.12	11.71	7.79
drd3	30.79	16.19	12.35	13.65	14.72	15.38	35.76	27.18	16.62	15.5	15.79	12.9	15.56	14.96	14.54	15.15	12.92	13.99	15.77	14.55	15.66	14.26	15.82	23.17	14.34	17.68	12.99	100.0	12.62	14.51	13.75	14.83	13.58	17.2	10.51	20.53	16.82	11.72	10.58	17.56	15.58	12.37	15.9	13.25	15.37	15.55	16.56	10.07	14.41	13.02	12.77	14.74	15.32	15.56	12.04	16.03	14.33	16.29	15.24	16.43	15.21	14.03	16.72	13.44	14.86	16.37	15.64	13.95	13.97	17.61	15.99	13.24	13.24	15.09	15.65	14.41	12.78	15.74	16.62	14.89	14.6	14.7	16.62	13.98	17.74	14.49	15.59	13.6	14.14	16.56	15.68	15.95	13.41	14.73	15.76	17.42	14.05	13.76	14.96	16.53	15.46	10.75
dyr	14.43	16.9	10.12	11.41	12.54	17.95	12.91	12.14	13.29	12.68	17.04	12.11	15.1	13.02	15.16	13.91	15.52	16.74	16.67	17.43	12.5	13.45	14.44	13.6	17.27	11.76	11.34	12.13	100.0	16.3	15.62	17.13	13.4	16.25	16.67	14.55	13.44	16.93	10.81	12.35	17.05	11.39	14.77	16.61	11.99	11.9	14.63	11.22	15.38	11.02	15.26	15.07	15.5	14.45	16.51	15.33	13.27	12.5	15.26	12.65	16.06	10.95	18.42	17.46	16.11	17.3	15.55	14.42	18.92	14.71	13.13	11.56	13.01	13.65	14.02	12.29	11.99	14.29	17.8	15.47	15.64	15.88	14.73	14.04	16.18	14.25	13.53	12.78	14.87	18.92	12.22	17.29	16.07	17.53	13.2	15.75	11.29	14.47	14.48	14.77	14.71	12.33
egfr	14.29	31.25	13.96	14.56	15.9	15.92	17.13	15.94	19.48	18.58	19.94	17.63	14.24	13.85	16.63	23.44	18.1	16.73	20.47	14.14	14.71	14.32	29.29	14.88	15.75	14.99	12.52	14.51	16.3	100.0	16.33	16.08	13.92	16.89	11.37	34.34	32.14	9.92	12.39	16.43	15.61	13.29	16.71	16.72	15.61	15.43	13.69	9.96	15.05	11.13	15.77	15.2	32.74	15.77	15.19	31.32	15.41	26.84	15.77	21.61	30.91	13.65	23.0	16.39	34.84	20.85	24.23	22.18	14.74	21.69	13.53	13.87	15.63	13.62	12.66	12.61	13.3	20.81	15.41	18.12	17.42	18.77	14.6	16.45	14.24	12.11	17.35	16.38	19.29	17.83	16.67	30.92	21.43	18.49	16.28	13.45	12.2	15.43	17.35	30.48	21.77	15.44
esr1	16.09	16.16	12.3	16.63	16.52	14.94	14.75	16.54	12.62	13.3	16.56	14.88	22.98	11.37	11.94	13.66	15.25	15.72	13.56	16.73	14.97	14.86	18.1	17.09	12.4	14.04	10.61	13.75	15.62	16.33	100.0	45.74	17.11	15.83	14.6	18.41	19.1	9.4	11.67	13.5	25.49	12.71	15.47	16.49	12.5	17.63	13.74	10.21	16.83	10.19	12.14	13.76	15.05	16.54	13.56	15.77	18.91	16.11	13.82	12.72	16.32	12.65	18.32	25.42	14.53	15.99	12.25	14.02	11.86	12.65	13.55	13.64	10.58	12.7	15.41	12.47	12.52	15.25	14.59	17.84	15.3	18.25	21.02	14.59	16.54	14.25	15.69	13.16	13.1	32.34	14.47	14.24	17.01	22.18	11.36	15.49	14.48	13.02	14.61	18.18	15.3	14.54
esr2	15.03	14.94	11.67	16.07	17.51	13.64	16.99	15.31	12.95	13.08	17.52	16.54	22.33	13.71	16.05	16.94	18.35	13.09	17.13	17.79	17.09	12.69	14.57	14.9	13.5	16.37	11.54	14.83	17.13	16.08	45.74	100.0	16.4	13.08	11.58	19.61	18.51	9.64	12.41	14.24	25.26	13.37	15.08	15.79	14.46	14.69	14.04	9.51	12.98	12.84	13.54	13.07	16.27	16.61	14.95	14.24	16.36	16.16	15.93	13.35	15.52	13.94	15.62	23.84	14.68	18.21	14.55	16.48	12.46	14.83	13.9	16.02	11.84	15.47	18.41	14.68	11.81	17.38	15.81	15.97	16.61	19.37	25.64	14.45	18.39	15.91	15.24	13.33	16.62	25.17	14.32	15.9	15.03	19.32	14.03	12.84	13.44	17.61	15.06	16.97	16.26	12.68
fa10	12.26	15.38	11.67	12.88	15.32	17.2	11.48	17.01	17.55	15.51	17.13	13.33	16.08	15.67	14.95	16.37	13.66	17.9	12.25	15.83	16.41	12.94	15.96	13.57	12.92	16.67	10.44	13.58	14.24	13.92	17.11	16.4	100.0	38.71	14.58	16.96	15.82	10.92	11.82	15.13	12.18	12.3	14.81	18.31	13.66	12.69	15.88	13.5	16.62	11.9	15.36	14.15	14.74	14.6	17.37	13.92	17.11	13.48	16.83	13.99	15.6	14.14	14.84	14.86	16.14	14.11	18.21	14.6	16.35	14.09	15.4	16.11	14.56	13.7	14.29	12.16	10.04	17.3	15.52	17.67	14.68	15.53	12.58	15.95	14.78	15.74	16.23	13.3	13.58	17.67	14.83	16.08	15.08	13.0	34.98	36.18	19.67	15.13	32.67	14.77	16.15	13.99
fa7	17.02	17.43	12.32	15.6	17.08	13.76	16.21	15.61	18.6	15.75	17.27	15.62	14.85	13.93	14.21	14.17	12.61	18.42	14.24	14.89	14.91	14.1	14.02	15.84	15.67	15.82	13.69	17.2	16.25	16.89	15.83	13.08	38.71	100.0	15.06	14.29	16.17	11.57	12.27	16.81	13.03	13.89	14.53	16.56	14.39	15.92	14.79	9.92	13.25	11.69	14.83	13.86	16.87	14.77	15.33	14.93	18.24	18.3	16.61	12.5	17.32	14.8	14.66	15.33	17.03	14.92	15.09	14.2	13.33	14.83	14.36	16.98	14.32	14.06	14.2	14.19	12.77	16.97	17.25	17.26	15.38	15.48	16.31	13.54	16.35	13.44	15.36	15.0	14.89	17.18	14.59	20.0	13.62	17.81	29.96	36.43	21.9	16.24	30.08	16.77	14.8	11.93
fabp4	11.19	11.87	7.37	10.19	11.45	11.43	10.07	11.43	10.13	10.32	13.51	9.29	13.75	10.13	10.54	12.65	13.06	15.69	13.54	15.38	10.29	8.9	12.87	11.67	18.18	12.2	7.14	10.51	16.67	11.37	14.6	11.58	14.58	15.06	100.0	11.72	13.51	14.19	6.81	11.15	11.97	9.03	11.73	13.57	10.72	11.49	16.3	14.65	10.99	7.59	18.69	12.28	11.7	10.69	18.23	10.31	14.81	12.27	12.9	11.49	16.15	7.05	13.18	13.94	12.22	10.28	13.01	11.91	14.15	11.11	11.27	11.17	9.46	9.69	11.46	10.39	8.81	13.52	13.95	12.75	12.14	13.33	10.49	16.22	12.41	9.45	13.7	10.12	13.11	12.0	10.82	14.69	12.77	15.93	12.04	14.81	9.83	11.25	14.89	11.9	13.19	16.76
fak1	15.0	33.79	11.11	13.26	17.55	14.74	14.47	17.0	21.05	18.87	16.91	15.03	17.83	12.84	15.9	23.17	17.79	14.74	22.37	13.4	14.59	11.38	29.33	12.81	14.89	12.36	10.5	20.53	14.55	34.34	18.41	19.61	16.96	14.29	11.72	100.0	32.47	10.36	11.7	16.34	17.96	12.83	16.02	16.78	13.95	14.29	16.04	10.79	15.18	11.47	12.96	18.1	34.19	17.88	14.17	32.21	17.61	27.15	15.22	19.57	37.98	13.14	23.4	15.65	32.36	23.53	24.13	20.74	12.41	21.91	14.32	11.76	12.35	14.32	14.7	13.0	11.09	23.9	16.14	18.12	14.92	18.06	17.89	19.93	16.04	15.04	18.91	14.11	18.64	14.84	13.47	37.65	24.73	16.36	16.24	17.05	12.88	18.13	15.02	28.39	22.52	13.96
fgfr1	12.77	36.08	12.61	14.9	15.72	12.58	14.84	16.17	21.34	18.16	16.33	16.71	16.67	13.89	14.85	22.69	16.05	13.19	19.88	18.18	14.25	14.6	48.03	13.73	15.53	18.37	12.07	16.82	13.44	32.14	19.1	18.51	15.82	16.17	13.51	32.47	100.0	10.41	12.7	16.24	15.89	12.48	17.98	14.86	13.7	14.02	14.55	13.94	16.62	11.86	14.75	16.11	37.97	13.61	13.26	33.93	14.24	44.76	14.64	22.82	36.3	14.12	20.41	16.5	34.84	25.6	25.08	24.6	14.55	22.89	15.71	14.55	16.93	16.79	15.62	14.32	12.32	23.66	15.69	15.43	16.95	17.27	13.53	19.93	14.62	16.12	18.99	13.8	20.45	17.49	17.31	35.34	23.83	18.03	14.6	12.26	13.73	14.29	13.09	42.72	19.54	14.62
fkb1a	10.3	9.96	7.26	9.45	10.91	11.65	11.56	11.65	11.41	8.85	11.07	9.44	11.46	7.03	8.8	8.9	12.6	13.88	12.5	13.74	9.4	8.49	11.48	9.3	14.05	9.6	7.49	11.72	16.93	9.92	9.4	9.64	10.92	11.57	14.19	10.36	10.41	100.0	6.46	9.33	11.28	7.79	10.97	13.06	9.38	8.93	12.78	15.83	11.68	6.55	12.5	9.93	10.81	11.67	10.29	11.07	10.82	11.55	9.45	11.11	11.76	8.68	11.6	10.29	12.73	10.66	12.82	9.32	12.8	11.43	10.7	10.64	9.92	10.54	6.37	11.65	6.27	11.98	15.45	13.83	12.96	12.7	8.93	11.07	12.75	7.94	11.7	8.48	9.39	11.74	9.35	12.02	11.85	14.1	14.34	11.48	9.52	11.95	13.87	11.4	11.59	17.22
fnta	13.41	11.51	16.83	14.53	14.26	12.59	13.14	10.86	13.82	13.26	12.37	15.65	12.48	13.95	13.42	15.17	10.87	9.71	14.06	11.31	12.88	16.47	13.63	13.71	9.41	14.49	17.08	10.58	10.81	12.39	11.67	12.41	11.82	12.27	6.81	11.7	12.7	6.46	100.0	13.32	11.33	17.41	13.91	11.34	13.66	14.99	10.68	7.59	9.67	17.76	9.49	11.33	11.53	12.88	9.02	12.39	12.34	12.01	13.69	14.34	12.92	17.98	10.71	12.59	11.65	12.26	13.15	13.78	8.3	14.47	12.69	15.33	14.92	15.11	13.79	14.36	16.37	11.57	11.99	15.15	12.28	13.12	15.04	12.09	11.52	13.73	12.88	14.24	14.6	11.29	13.11	12.77	11.73	10.45	11.07	11.55	13.06	13.83	13.04	12.01	10.83	8.27
fpps	18.7	15.5	16.75	15.02	13.97	16.1	18.36	15.88	17.46	14.76	18.11	15.91	16.14	14.67	16.03	15.09	16.41	13.12	17.7	17.28	15.35	14.68	18.18	14.49	16.45	17.11	13.57	17.56	12.35	16.43	13.5	14.24	15.13	16.81	11.15	16.34	16.24	9.33	13.32	100.0	16.96	12.55	17.09	14.75	15.5	17.02	15.97	10.3	17.29	13.34	15.2	17.46	15.0	15.67	13.96	16.81	15.24	16.57	15.16	15.47	17.46	14.59	14.24	14.79	16.38	15.51	16.47	14.83	15.41	17.83	17.25	15.88	16.96	16.75	17.39	13.45	13.31	17.3	13.6	16.05	14.04	15.58	15.34	14.66	17.51	15.26	16.19	16.78	13.64	13.64	14.49	14.33	17.17	14.33	16.24	14.53	14.49	15.13	13.35	18.03	16.2	10.6
gcr	14.51	17.36	12.75	16.44	17.88	18.79	16.94	14.14	16.14	13.51	15.57	14.04	46.22	13.79	13.4	13.19	13.73	13.0	14.15	17.75	16.12	11.89	16.44	16.82	16.34	14.74	11.86	15.58	17.05	15.61	25.49	25.26	12.18	13.03	11.97	17.96	15.89	11.28	11.33	16.96	100.0	12.47	16.05	15.85	14.74	13.42	12.59	11.16	17.79	12.9	12.62	15.71	15.21	17.81	16.97	14.29	16.72	17.39	15.12	14.25	17.82	13.23	17.08	51.82	20.7	17.67	15.84	14.11	14.43	15.17	14.5	16.93	16.49	13.49	16.72	14.56	11.89	13.71	17.38	20.13	15.22	20.21	42.67	13.54	15.02	12.47	13.31	13.86	17.24	21.76	15.46	16.49	17.92	19.63	14.16	16.78	12.36	15.43	11.9	17.0	21.48	15.04
glcm	14.57	14.46	16.88	18.82	16.67	12.58	13.92	12.45	14.83	16.89	13.08	14.86	12.35	19.68	16.22	14.36	15.15	11.39	16.39	13.4	13.51	17.2	15.14	13.96	11.52	16.1	15.17	12.37	11.39	13.29	12.71	13.37	12.3	13.89	9.03	12.99	12.55	7.79	17.41	12.55	12.47	100.0	15.72	11.67	15.69	14.15	12.88	7.81	13.35	13.68	11.04	14.6	14.63	15.2	11.04	13.39	14.72	14.45	12.5	14.53	12.83	14.73	15.53	14.17	14.08	15.46	15.26	14.31	11.16	14.69	15.4	16.89	14.68	15.47	15.52	16.58	17.27	14.55	13.62	12.68	14.85	13.14	13.97	10.95	14.2	15.02	14.86	14.63	15.13	12.78	15.74	12.72	11.63	13.52	14.37	11.66	14.86	13.42	12.27	16.43	13.09	9.26
gria2	14.63	18.31	13.07	15.88	16.83	16.33	15.83	13.56	16.49	15.47	16.45	16.63	15.38	13.61	16.2	14.18	15.2	13.17	15.2	16.26	15.88	14.15	16.72	13.4	11.52	17.04	12.95	15.9	14.77	16.71	15.47	15.08	14.81	14.53	11.73	16.02	17.98	10.97	13.81	17.09	16.05	15.72	100.0	41.51	15.03	14.87	15.07	11.01	17.32	14.48	17.58	15.3	15.2	18.32	13.39	15.86	16.53	16.2	16.03	19.31	17.09	13.04	15.25	13.31	16.98	16.05	13.62	15.72	12.96	16.27	14.68	15.33	15.11	17.91	19.53	18.4	14.39	13.14	19.43	14.68	16.06	14.77	13.54	14.33	15.99	15.7	16.4	14.81	16.28	14.09	17.39	15.47	17.66	13.6	17.34	17.48	14.26	17.79	14.12	16.07	13.68	12.58
grik1	14.53	16.61	13.49	16.63	17.61	17.05	16.57	13.73	14.8	14.21	17.06	16.32	17.73	14.5	15.23	13.23	16.61	16.37	19.06	12.95	13.29	14.98	17.55	14.21	15.21	15.38	12.05	13.25	16.61	16.72	16.49	15.79	18.31	16.56	13.57	16.78	14.86	13.06	11.34	14.62	15.85	11.67	41.51	100.0	15.8	16.03	12.82	14.29	15.82	9.9	15.28	17.03	17.73	18.77	16.79	16.05	14.95	15.77	17.17	18.1	14.65	11.65	16.29	17.77	17.05	18.77	17.52	16.1	14.34	14.1	16.49	15.86	14.89	17.04	16.81	14.25	11.57	17.2	15.3	14.38	17.22	15.89	15.08	17.28	15.53	15.04	14.98	12.65	14.44	17.6	14.5	15.99	15.27	13.99	14.24	14.19	14.58	17.37	15.86	17.6	13.82	13.71
hdac2	12.21	14.67	14.0	12.75	17.63	14.73	12.47	14.21	17.01	18.38	16.83	15.91	14.21	14.63	14.23	17.02	14.6	14.03	15.72	14.17	14.6	14.66	14.46	16.67	11.79	13.99	14.56	15.37	11.93	15.61	12.5	14.46	13.66	14.39	10.72	13.95	13.7	9.38	13.66	15.5	14.74	15.69	15.03	15.8	100.0	38.3	12.32	8.58	13.94	14.26	13.84	15.46	15.45	12.59	11.73	14.88	14.58	14.42	16.25	14.96	15.7	14.07	15.12	14.07	15.37	15.06	13.94	16.06	14.06	14.83	15.64	13.65	13.2	16.48	13.94	15.56	12.52	16.08	16.32	13.24	16.71	16.07	13.39	15.98	12.5	16.74	14.9	15.42	17.41	14.73	17.18	13.65	14.67	14.51	15.17	13.73	13.66	14.7	13.55	14.12	13.81	11.5
hdac8	13.87	15.3	13.31	15.3	16.63	16.67	13.22	12.25	18.6	18.41	17.27	15.57	13.17	14.37	18.02	16.13	15.28	12.57	15.76	13.37	13.07	13.24	16.26	14.95	13.27	15.74	16.04	15.55	11.9	15.43	17.63	14.69	12.69	15.92	11.49	14.29	14.02	8.93	14.99	17.02	13.42	14.15	14.87	16.03	38.3	100.0	13.43	10.15	16.67	13.94	16.19	15.84	15.36	14.76	12.18	13.42	18.33	16.05	14.58	15.11	15.82	14.53	16.29	12.87	17.14	11.79	15.32	16.11	14.17	15.31	15.45	17.63	15.01	16.51	12.56	14.72	13.29	16.16	13.85	15.57	16.67	15.7	13.66	15.5	15.79	12.31	16.99	15.43	16.42	15.08	17.11	14.52	16.22	13.76	15.15	16.1	13.99	13.44	14.48	16.02	17.85	11.83
hivint	17.04	12.54	10.87	13.02	14.63	14.89	17.28	15.02	15.71	13.39	15.84	18.72	13.24	13.88	15.54	14.16	15.81	15.68	14.38	15.04	14.15	11.33	13.97	13.43	13.47	15.45	9.14	16.56	14.63	13.69	13.74	14.67	15.88	14.79	16.3	16.04	14.55	12.78	10.68	15.53	12.59	12.88	14.29	12.82	12.32	13.43	100.0	14.41	16.03	11.21	14.79	14.9	15.75	17.86	16.18	15.03	16.24	14.85	12.96	13.99	15.2	12.5	13.36	14.12	17.57	15.41	13.1	15.24	15.15	16.62	12.98	16.0	10.67	13.49	14.2	14.88	10.87	14.44	15.3	16.25	15.22	16.96	14.81	12.84	15.04	12.32	14.19	12.95	15.36	15.67	12.16	17.05	16.23	15.73	16.37	13.52	13.72	14.45	13.29	16.31	16.6	13.78
hivpr	8.87	11.36	4.27	8.53	9.76	9.73	11.07	9.96	9.06	8.12	13.01	9.19	11.49	8.15	10.71	11.31	9.96	12.44	11.51	11.57	8.23	8.26	9.89	10.62	12.07	9.6	6.91	10.07	11.22	9.96	10.21	9.51	13.5	9.92	14.65	10.79	13.94	15.83	7.59	10.3	11.16	7.81	11.01	14.29	8.58	10.15	14.41	100.0	12.72	6.9	10.05	8.97	7.87	11.02	13.11	11.79	10.45	9.93	10.0	11.29	12.2	5.52	11.28	11.74	10.95	9.42	9.29	10.82	12.5	8.25	11.11	9.4	8.42	9.77	9.06	8.27	6.45	10.37	10.66	10.28	10.61	10.0	10.28	12.25	14.17	8.38	10.6	7.98	9.88	12.16	7.79	12.29	13.86	11.4	7.63	12.24	9.52	10.31	14.29	9.57	12.55	16.31
hivrt	13.61	16.71	12.17	13.38	16.21	15.0	15.52	16.72	14.93	14.73	16.38	16.16	14.72	12.75	14.79	16.15	17.54	15.56	16.91	14.8	14.32	13.53	16.43	17.25	13.62	15.71	12.23	14.41	15.38	15.05	16.83	12.98	16.62	13.25	10.99	15.18	16.72	11.68	9.67	17.29	17.79	13.35	17.32	15.56	13.94	16.67	16.03	12.72	100.0	12.91	15.84	14.0	18.92	13.56	14.04	16.43	18.24	16.77	19.59	18.08	18.27	15.07	16.05	14.97	17.66	16.89	16.13	15.27	17.26	14.4	18.05	14.32	13.94	15.93	12.75	14.96	15.43	16.51	15.08	12.62	16.05	16.31	14.96	18.06	15.34	15.61	17.77	14.57	16.92	13.98	13.79	15.81	17.08	15.85	16.95	14.52	16.03	16.12	17.32	16.16	16.67	13.99
hmdh	12.56	12.76	17.31	16.72	12.94	12.27	11.91	10.1	13.21	15.56	13.01	15.2	11.0	14.01	13.38	13.73	11.97	10.34	11.67	8.73	12.94	14.42	12.58	12.25	9.97	14.48	14.17	13.02	11.02	11.13	10.19	12.84	11.9	11.69	7.59	11.47	11.86	6.55	17.76	13.34	12.9	13.68	14.48	10.2	14.26	13.94	11.21	6.9	12.91	100.0	9.75	13.04	14.19	11.72	8.54	12.88	13.54	12.16	13.16	12.05	12.29	16.28	9.97	10.6	12.35	10.69	12.23	11.8	10.08	12.64	13.19	13.21	13.54	13.96	13.32	14.44	13.12	10.65	12.71	11.82	14.53	11.88	13.53	10.87	11.11	16.21	12.83	14.98	11.92	10.5	16.56	11.24	13.18	12.03	13.04	11.75	15.16	10.91	10.81	13.53	11.13	7.71
hs90a	12.54	14.69	9.76	10.96	15.77	16.97	13.37	13.22	17.21	14.88	16.93	14.05	16.18	12.93	13.62	13.35	13.78	15.38	17.65	15.42	12.44	12.69	14.24	15.38	15.11	16.76	10.54	12.77	15.26	15.77	12.14	13.54	15.36	14.83	18.69	12.96	14.75	12.5	9.49	15.2	12.46	11.04	17.58	15.28	13.84	16.19	14.79	10.05	15.84	9.75	100.0	16.05	17.38	14.69	19.67	13.0	15.99	15.36	16.88	13.96	16.9	11.48	17.99	15.56	18.12	13.16	17.68	12.82	14.18	14.33	16.13	18.98	11.55	14.76	15.32	11.29	11.07	12.27	14.6	18.01	17.65	17.16	16.34	14.98	17.06	12.4	15.65	13.48	16.81	16.85	13.2	17.56	16.32	17.28	16.49	13.57	11.57	14.58	16.48	15.05	17.11	15.45
hxk4	13.62	16.62	10.28	13.81	17.11	15.69	12.36	11.8	15.83	15.38	17.31	13.44	13.4	14.47	13.23	18.63	15.38	14.71	16.25	14.02	13.56	11.49	13.39	16.01	12.5	14.37	11.51	14.74	15.07	15.2	14.33	13.07	14.15	13.86	12.28	18.1	16.11	9.93	11.33	17.46	15.71	14.78	15.3	17.03	15.46	15.84	14.9	8.97	14.0	13.04	16.05	100.0	17.21	13.77	14.04	18.81	16.81	13.93	18.24	17.52	14.85	12.76	15.82	15.69	15.77	15.59	15.13	17.04	14.72	15.06	13.73	16.33	13.85	16.3	12.02	14.25	13.14	13.86	16.67	15.76	14.74	15.58	17.24	14.01	16.42	12.76	16.67	15.12	16.9	20.79	18.07	16.21	17.35	15.48	17.02	13.79	15.7	15.57	15.36	16.17	14.56	11.04
igf1r	13.08	36.3	12.72	13.29	14.36	14.37	16.47	17.53	18.4	15.71	17.21	16.27	13.89	13.92	14.8	23.45	18.13	15.09	19.08	16.84	14.39	13.15	33.33	14.2	13.06	15.97	10.92	15.32	15.5	32.74	15.05	16.27	14.74	16.87	11.7	34.19	37.97	10.81	11.53	15.0	15.21	14.63	15.2	17.73	15.45	15.36	15.75	7.87	18.92	14.19	17.38	17.21	100.0	14.24	13.98	26.69	15.09	32.31	17.76	21.35	34.91	14.26	19.24	15.28	34.03	20.66	21.43	19.16	14.1	19.64	15.45	14.96	14.54	15.56	14.16	12.89	13.32	22.51	14.06	15.22	18.18	17.11	15.18	19.43	14.91	14.86	16.26	13.65	19.54	15.46	15.49	33.21	22.41	19.4	16.34	17.11	15.03	14.29	14.29	29.48	18.51	14.06
inha	16.36	18.12	11.25	13.02	16.14	17.78	13.35	15.61	14.97	15.63	19.42	15.09	15.65	15.81	15.0	14.89	16.1	14.39	16.88	12.5	12.6	13.82	15.41	13.73	15.75	17.2	10.47	15.56	14.45	15.77	16.54	16.61	14.6	13.95	10.69	17.88	13.61	11.67	12.88	15.67	17.81	15.2	18.32	18.77	12.59	14.76	17.86	11.02	13.52	11.72	14.69	13.77	14.24	100.0	15.21	14.29	13.72	10.83	16.83	19.76	16.61	12.65	16.05	16.1	15.26	14.75	16.56	12.11	15.24	14.73	11.59	17.89	15.1	16.57	15.29	14.29	10.49	12.25	18.58	17.38	16.29	20.58	15.29	17.79	18.39	15.83	19.49	12.86	14.66	15.0	15.55	17.07	16.07	16.25	18.83	15.85	15.95	15.92	15.18	17.24	16.91	11.48
ital	13.07	14.48	10.83	12.07	14.88	14.39	14.14	13.87	16.24	14.45	13.2	14.44	16.8	11.65	12.3	15.52	15.44	13.69	16.34	16.14	10.97	13.54	13.26	13.0	14.67	14.12	8.98	12.04	16.51	15.19	13.56	14.95	17.37	15.33	18.23	15.6	13.26	10.29	9.02	13.96	16.97	11.04	13.39	16.79	11.73	12.18	16.18	13.11	14.04	8.54	19.67	14.04	13.98	15.21	100.0	13.57	14.34	14.48	15.49	17.63	14.6	11.41	14.5	16.94	16.14	20.29	14.74	14.86	16.67	14.11	12.13	14.64	12.27	14.82	13.99	11.75	9.3	13.36	13.73	15.41	13.38	16.6	15.23	13.45	13.92	11.14	16.04	11.71	11.28	18.45	13.03	16.27	14.02	18.44	15.85	15.1	10.93	9.7	14.12	11.54	13.03	12.44
jak2	17.26	29.64	12.3	13.68	14.89	16.93	13.8	16.83	20.99	19.29	15.95	12.35	16.18	14.14	18.09	23.56	20.19	14.13	24.22	16.25	15.58	15.01	28.04	13.11	11.79	15.03	11.43	16.03	15.33	31.32	15.77	14.24	14.01	14.93	10.31	32.21	33.93	11.07	12.37	16.81	14.29	13.39	15.86	16.05	14.88	13.42	15.03	11.79	16.43	12.88	13.0	18.81	26.69	14.29	13.57	100.0	14.66	25.32	16.15	21.2	32.62	15.68	22.79	14.52	29.51	23.65	21.74	22.15	13.38	23.44	13.25	14.81	16.71	14.65	14.33	13.97	13.46	27.92	13.86	14.67	15.64	17.46	15.8	16.89	14.33	15.29	15.27	15.3	18.92	15.91	13.69	29.6	27.06	14.24	15.2	15.81	12.44	19.94	16.5	27.51	21.88	13.67
kif11	15.01	13.91	12.72	14.32	16.22	16.56	13.89	14.8	14.71	16.42	13.91	14.04	13.42	12.9	14.76	14.59	16.51	12.14	14.94	13.72	17.8	13.97	15.38	14.41	15.33	14.21	11.57	15.86	13.27	15.41	18.91	16.36	17.11	18.24	14.81	17.61	14.24	10.82	12.34	15.24	16.72	14.72	16.53	14.95	14.58	18.33	16.24	10.45	18.24	13.54	15.99	16.81	15.09	13.72	14.34	14.66	100.0	14.16	14.88	15.82	16.56	15.38	15.14	14.48	15.43	15.14	16.77	15.66	13.0	14.93	16.1	15.98	16.59	18.85	15.34	13.62	11.93	16.62	17.59	14.63	15.94	13.46	16.76	18.89	18.87	14.45	14.79	18.16	16.53	19.32	16.35	17.97	13.19	12.22	18.43	15.44	13.03	14.08	17.57	15.36	17.14	12.68
kit	15.74	28.22	11.75	16.52	17.02	13.41	17.26	16.67	19.05	14.36	16.03	17.44	14.8	15.34	14.35	19.9	13.77	14.48	21.17	15.02	12.99	16.03	66.67	13.48	13.21	17.13	13.87	16.29	12.5	26.84	16.11	16.16	13.48	18.01	12.27	27.15	44.76	11.55	12.26	16.57	17.39	14.45	16.2	15.77	14.42	16.05	14.85	9.93	16.77	11.91	15.36	13.93	32.31	10.73	14.48	25.32	14.16	100.0	16.36	16.76	32.79	13.77	19.3	18.88	31.85	23.24	22.71	19.17	15.06	19.03	17.13	15.14	15.25	14.11	16.29	14.6	13.6	21.07	16.22	17.48	15.77	15.99	16.12	15.98	15.87	13.54	14.5	15.12	17.23	15.97	16.27	29.29	20.0	18.33	15.08	14.85	14.22	17.41	15.82	38.86	18.46	11.79
kith	16.18	14.77	13.69	14.29	16.75	18.21	17.96	17.66	18.29	15.83	14.92	14.11	14.37	14.81	17.82	16.3	15.62	15.67	18.26	14.02	15.94	15.27	16.67	14.78	13.51	15.34	12.59	15.24	15.26	15.77	13.82	15.93	16.83	16.61	12.9	15.17	14.64	9.45	13.69	15.16	15.12	12.5	16.03	17.17	16.25	14.62	12.96	10.0	19.59	13.16	16.88	18.24	17.76	16.83	15.49	16.15	14.88	16.36	100.0	16.23	16.29	12.94	16.99	15.56	17.25	15.9	17.02	19.82	14.81	16.45	15.9	12.98	15.86	15.0	14.14	15.95	11.52	17.29	16.33	16.0	19.05	17.68	16.48	15.95	14.25	15.21	15.98	16.55	17.57	17.06	15.86	13.64	16.77	15.89	13.16	12.84	12.8	15.0	17.08	17.65	13.92	12.46
kpcb	19.57	21.49	14.61	13.37	14.98	14.12	12.11	15.11	43.53	41.16	16.03	15.14	16.82	16.4	15.2	21.64	13.86	14.29	24.4	13.31	16.01	15.29	19.55	15.59	15.36	14.11	13.17	16.43	12.65	21.61	12.72	13.35	13.99	12.5	11.49	19.57	22.82	11.11	14.34	15.47	14.25	14.53	19.31	18.1	14.66	15.11	13.99	11.29	18.08	12.05	13.96	17.52	21.35	19.76	17.63	21.2	15.82	16.76	16.23	100.0	22.35	14.89	21.24	15.09	21.45	20.12	22.19	21.86	13.94	21.7	16.87	16.0	15.06	17.39	14.59	13.89	13.19	23.15	15.43	14.42	14.96	16.17	14.85	14.96	16.06	12.91	15.21	15.57	34.02	14.87	17.99	21.7	19.65	14.75	13.42	12.35	14.58	16.28	14.75	22.74	18.38	12.66
lck	16.31	37.16	12.79	13.46	16.07	12.99	17.12	14.55	19.21	19.07	18.84	16.02	16.09	16.92	15.4	24.43	17.43	12.1	22.43	16.61	16.71	14.72	36.4	16.52	16.42	17.0	11.44	15.21	16.48	30.91	16.32	15.52	15.6	17.32	16.15	37.98	36.3	11.76	12.92	17.41	17.82	13.13	17.09	14.65	15.7	15.82	15.2	12.2	18.27	12.29	16.61	14.85	34.91	16.61	14.6	32.62	16.56	32.79	16.29	22.35	100.0	13.47	19.54	17.97	34.51	26.03	23.31	25.74	14.64	19.81	13.94	14.99	14.88	15.97	17.23	13.02	14.34	21.69	15.43	15.21	15.38	14.04	14.17	16.45	12.71	14.15	19.03	15.1	21.49	16.05	16.82	56.87	26.92	19.26	16.51	14.14	14.91	17.58	13.92	29.66	22.18	12.31
lkha4	15.45	13.77	17.38	16.96	15.34	12.28	13.98	11.81	16.07	17.73	16.41	16.42	12.83	15.86	14.93	14.34	15.96	11.04	13.89	11.55	15.61	15.83	15.03	16.29	10.31	14.4	16.59	14.03	10.79	13.65	12.65	13.94	14.14	14.26	7.05	13.14	14.12	8.68	17.98	14.59	13.23	14.73	12.99	11.65	14.07	14.53	12.5	5.52	15.07	16.28	11.48	12.76	14.26	12.65	11.41	15.68	15.38	13.77	13.02	14.89	13.47	100.0	13.65	11.88	16.57	14.9	12.45	12.38	12.99	14.6	14.0	13.75	14.8	15.15	14.89	16.09	16.01	12.45	12.5	12.73	13.83	15.09	11.61	14.04	13.8	14.42	13.33	17.81	15.94	12.07	15.74	12.32	12.57	12.22	12.75	12.47	16.54	13.93	11.7	14.1	11.79	8.49
mapk2	14.8	17.48	13.12	12.36	14.52	14.55	16.35	17.94	24.2	23.01	17.43	17.07	15.82	13.66	15.46	17.66	15.96	15.5	20.89	14.44	15.51	12.8	19.05	17.39	17.86	14.25	12.08	16.72	18.42	23.0	18.32	15.62	14.84	14.66	12.45	23.4	20.41	10.93	10.71	14.24	17.08	15.53	15.25	16.29	15.93	16.29	13.36	11.28	16.05	9.97	17.99	15.82	19.24	16.05	14.5	22.79	14.69	19.3	16.99	21.24	19.54	13.65	100.0	15.25	18.27	21.09	23.08	20.83	13.75	22.02	15.8	15.57	14.47	14.06	14.44	12.75	11.33	22.78	14.7	15.69	16.35	17.01	16.92	14.53	14.92	13.33	15.31	13.11	22.45	14.24	15.06	20.22	16.94	17.89	15.74	13.85	13.18	16.95	16.07	19.43	22.22	13.15
mcr	15.52	13.87	13.2	13.44	14.48	15.62	15.62	14.76	15.32	13.77	14.07	13.71	53.04	13.45	14.99	15.3	18.84	14.73	15.11	11.33	15.08	13.99	16.94	15.77	14.35	17.18	11.86	13.44	17.32	16.39	25.42	23.84	14.86	15.33	13.94	15.65	16.5	10.29	12.59	14.79	51.82	14.17	13.31	17.77	14.07	12.87	14.5	11.74	14.97	10.6	15.56	15.69	15.28	16.1	16.94	14.52	14.48	18.88	15.56	15.09	17.97	11.88	15.25	100.0	16.89	18.09	17.79	16.36	15.85	13.49	15.59	13.7	14.59	16.15	14.54	12.91	11.66	17.08	15.15	17.08	16.96	16.79	43.45	16.49	16.1	14.11	15.29	14.06	13.58	21.26	14.86	15.65	14.56	19.92	15.23	12.32	13.32	14.62	15.74	18.88	15.22	13.33
met	16.18	31.95	12.77	13.4	18.08	17.59	15.92	14.16	21.69	18.06	15.79	18.33	14.74	16.09	15.42	24.72	17.76	14.58	20.12	15.88	16.07	12.5	32.88	14.17	13.04	14.17	11.46	14.9	16.11	34.84	14.53	14.68	16.14	17.03	12.22	32.36	34.84	12.73	11.65	16.38	20.7	14.08	16.98	17.05	15.78	17.14	17.57	10.95	17.66	12.29	18.12	15.77	34.03	15.26	16.14	29.51	15.43	31.85	17.25	21.45	34.51	16.57	18.27	16.89	100.0	23.26	22.7	23.29	14.77	20.25	15.1	17.07	14.89	15.92	16.4	14.52	11.84	21.31	14.85	16.46	17.02	15.49	15.94	16.62	15.31	13.08	17.19	15.91	20.56	16.5	15.6	31.16	21.29	15.77	17.23	16.72	15.9	13.86	16.93	31.0	19.4	12.09
mk01	17.24	23.76	13.55	14.66	16.09	17.85	14.73	16.23	20.97	20.11	18.34	15.5	17.36	14.71	16.79	20.74	16.93	15.77	30.56	16.67	16.7	14.9	24.19	16.57	16.24	14.52	13.59	16.37	17.3	20.85	15.99	17.54	14.11	14.92	10.28	23.53	25.6	10.66	12.26	15.51	17.67	15.46	16.05	18.77	15.06	11.79	15.41	9.42	16.89	10.69	13.16	15.59	20.66	14.75	20.29	23.65	15.14	23.24	15.9	20.18	26.03	14.9	21.09	18.09	23.26	100.0	41.05	44.44	16.67	23.31	14.93	17.44	14.81	15.28	17.34	12.5	13.93	24.47	13.19	17.33	13.79	18.03	18.29	13.33	16.67	13.26	17.68	16.59	22.54	15.82	15.38	23.1	22.37	15.84	16.27	15.51	14.5	15.6	13.03	21.33	19.57	15.69
mk10	16.57	22.44	12.28	13.59	13.27	15.65	15.08	18.51	22.46	19.95	15.75	14.97	15.27	14.74	17.96	21.59	15.36	12.5	26.63	15.54	16.59	14.76	22.15	16.57	13.55	13.16	12.58	15.64	15.55	24.91	12.25	14.55	18.21	15.09	13.01	24.13	25.08	12.82	13.15	16.47	15.84	14.96	13.62	17.52	13.94	15.32	13.1	9.29	16.13	12.23	17.68	15.08	21.43	16.56	14.74	21.74	16.77	22.71	17.02	22.19	23.31	12.45	23.08	17.79	22.7	41.05	100.0	48.42	11.35	22.29	14.49	14.62	16.67	13.49	16.33	13.7	12.68	23.75	14.94	14.66	17.28	15.43	15.08	16.82	20.32	15.4	14.2	15.69	21.24	14.48	16.36	22.22	21.71	17.68	15.09	17.22	12.63	15.04	15.38	21.11	23.05	12.5
mk14	16.62	19.69	12.85	15.29	18.41	16.56	15.54	15.82	25.0	22.38	20.54	16.84	15.38	14.34	15.84	22.38	17.09	14.29	31.17	19.06	15.4	15.72	22.78	18.57	12.59	16.85	12.58	13.95	14.42	22.18	14.02	16.48	14.6	14.2	11.91	20.74	24.6	9.32	13.78	14.83	14.11	14.31	15.72	16.1	16.06	16.11	15.24	10.82	15.27	11.8	12.82	17.04	19.16	12.11	14.86	22.05	15.66	19.17	19.52	21.86	25.74	12.38	20.83	16.36	23.29	44.44	48.42	100.0	15.75	20.12	17.37	16.34	15.76	16.26	18.43	14.63	13.13	24.92	18.03	18.39	20.0	20.27	16.25	16.11	16.34	14.84	18.52	14.71	23.36	15.36	13.95	24.32	20.06	15.48	15.02	13.59	15.85	14.25	17.3	22.52	19.18	12.06
mmp13	13.61	15.18	10.42	13.47	10.87	16.73	13.82	14.49	13.64	13.56	13.74	12.85	12.07	11.49	14.66	13.93	15.22	16.39	17.79	11.92	10.4	11.5	15.6	14.29	12.21	12.09	9.4	13.97	18.92	14.74	11.86	12.46	16.35	13.33	14.15	12.41	14.55	12.8	8.3	15.41	14.43	11.16	12.96	14.34	14.06	14.17	15.15	12.5	17.26	10.08	14.18	14.72	14.1	15.24	16.67	13.38	13.0	15.06	14.81	13.94	14.64	12.99	13.75	15.85	14.77	16.67	11.35	15.75	100.0	13.84	13.94	12.94	13.61	12.67	14.6	12.23	11.4	17.62	14.71	15.47	16.78	15.23	13.38	13.33	14.63	11.68	14.93	11.6	12.32	16.79	11.62	19.69	13.68	15.69	12.42	16.92	12.24	12.57	16.07	13.53	15.95	16.43
mp2k1	13.14	21.78	12.35	12.99	16.06	16.48	14.4	15.45	22.52	22.02	14.55	15.61	11.76	13.27	15.31	21.51	15.56	14.6	26.53	14.63	18.2	13.93	20.18	13.85	14.37	15.38	14.88	17.61	14.8	21.69	12.65	14.78	14.93	14.83	11.11	21.91	22.89	11.43	14.47	17.83	15.17	14.69	16.27	14.1	14.83	15.31	16.62	8.25	14.4	12.64	14.33	15.06	19.64	14.73	14.11	23.44	14.93	19.03	16.45	21.7	19.81	14.6	22.02	13.49	20.25	23.31	22.29	20.12	13.84	100.0	15.47	17.41	14.02	16.71	17.05	16.67	13.2	19.57	16.57	17.53	16.34	14.24	18.43	15.04	13.48	16.0	18.92	15.47	23.91	13.01	16.93	22.88	21.04	16.8	12.56	13.73	13.15	18.84	13.6	19.13	19.38	11.66
nos1	15.37	14.25	13.72	15.64	15.69	17.17	16.54	13.6	15.35	14.0	17.71	16.93	16.26	16.5	14.88	16.63	13.78	14.71	15.59	13.71	15.53	14.82	14.32	16.43	10.84	16.34	13.37	15.99	13.13	13.53	13.55	13.9	15.4	14.36	11.27	14.32	15.71	10.7	12.69	17.25	14.5	15.4	14.68	16.49	15.64	15.54	12.98	11.11	18.05	13.19	16.58	13.73	15.45	11.59	12.13	13.25	16.1	17.13	15.9	16.5	13.94	14.0	15.8	15.59	15.1	14.93	14.49	17.37	13.94	15.47	100.0	14.95	15.0	16.71	15.83	13.91	14.86	13.28	15.21	14.21	14.36	14.92	13.45	14.32	13.19	15.66	17.41	16.63	17.26	15.28	15.29	17.19	14.89	15.98	13.53	15.26	15.64	14.73	14.53	14.82	14.11	13.64
nram	11.84	16.5	11.31	18.09	15.46	14.4	15.9	16.3	12.94	14.7	12.32	15.54	13.93	17.27	16.16	13.93	15.58	15.53	17.12	13.15	14.91	14.6	16.62	15.57	13.42	16.22	13.66	13.41	11.56	13.87	13.64	16.02	16.11	17.02	11.17	11.76	14.55	10.64	15.33	15.84	16.93	16.89	15.33	15.86	13.65	17.48	15.38	9.4	14.32	13.21	18.98	16.33	14.96	17.89	14.64	14.81	15.98	15.14	12.98	16.16	14.99	13.75	15.57	13.7	17.07	17.26	14.62	16.34	12.94	17.41	14.95	100.0	16.63	17.01	15.75	14.61	14.48	15.14	15.38	14.97	15.65	14.07	16.67	16.03	13.66	15.67	13.3	16.78	15.51	14.33	16.92	15.72	14.87	12.43	17.5	16.13	15.29	15.96	15.28	15.74	14.37	12.64
pa2ga	11.09	16.28	12.48	14.98	17.1	14.5	13.61	13.74	15.76	15.24	15.48	12.91	14.29	16.11	16.49	14.29	17.28	12.96	15.12	12.7	13.95	14.6	14.22	15.38	7.69	14.69	14.83	14.18	13.01	15.63	10.58	11.84	14.56	14.32	9.46	12.35	16.93	9.92	14.92	16.96	16.49	14.68	15.11	14.89	13.2	15.01	10.67	8.42	13.94	13.54	11.55	13.85	14.54	15.1	12.27	16.71	16.59	15.25	15.86	14.86	14.88	14.8	14.47	14.59	14.88	14.81	16.67	15.76	13.61	14.02	15.0	16.63	100.0	14.99	15.0	12.93	12.63	12.24	13.27	16.23	15.09	14.55	15.6	13.82	16.05	16.26	13.15	17.27	15.33	14.21	16.02	12.68	14.73	15.24	14.11	16.12	16.21	13.78	14.76	13.29	13.65	10.74
parp1	16.02	15.83	13.61	15.55	18.34	14.55	17.78	13.77	16.45	15.91	14.56	13.62	13.61	15.9	17.54	15.53	16.87	12.36	15.5	12.61	18.39	17.68	17.72	16.05	13.15	15.48	14.45	15.09	13.65	13.62	12.7	15.47	13.7	13.94	9.69	14.32	16.79	10.29	15.11	16.75	13.49	15.47	17.91	17.04	16.48	16.51	13.49	9.77	15.93	13.96	14.76	16.3	15.56	16.57	14.82	14.65	18.85	14.11	15.0	17.39	15.97	15.15	14.06	16.15	15.92	15.28	13.49	16.26	12.7	16.71	16.71	17.01	14.99	100.0	13.92	14.8	13.78	11.97	14.39	13.16	14.21	12.18	16.28	14.5	15.3	16.01	18.62	11.8	16.96	11.65	16.53	15.21	12.41	14.81	17.38	14.71	15.97	15.53	14.63	17.18	15.14	11.36
pde5a	16.71	12.43	14.01	13.77	16.88	17.15	15.08	15.34	17.21	15.61	16.58	15.8	13.81	17.09	16.34	16.94	15.17	15.16	16.3	13.95	17.2	14.47	14.9	17.4	14.33	14.99	14.52	15.65	14.02	12.66	15.41	18.41	14.29	14.2	11.46	14.7	15.62	6.37	13.79	17.39	16.72	15.52	19.53	16.81	13.94	12.56	14.2	9.06	12.75	13.32	15.32	12.02	14.16	15.29	13.99	14.33	15.34	16.29	14.14	14.59	17.23	14.89	14.44	14.54	16.4	17.34	16.33	18.43	14.6	17.05	15.83	15.75	15.0	13.92	100.0	15.75	13.95	13.31	15.59	16.16	15.53	16.33	15.93	16.06	14.76	13.26	17.31	16.04	15.59	13.39	16.18	14.77	15.27	14.53	13.46	14.24	12.5	17.32	14.53	15.38	14.83	12.89
pgh1	12.56	15.89	14.46	14.71	16.34	14.54	13.39	14.06	15.72	15.71	13.46	15.52	15.27	15.97	14.54	15.68	15.47	12.62	14.58	12.47	17.44	17.79	14.16	14.99	11.82	14.72	14.71	14.41	12.29	12.61	12.47	14.68	12.18	14.19	10.39	13.0	14.32	11.65	14.36	13.45	14.56	16.64	18.4	14.29	15.56	14.78	14.88	8.27	14.96	14.44	11.29	14.25	12.89	14.29	11.75	13.97	13.62	14.6	15.95	13.95	13.02	16.09	12.78	12.91	14.52	12.5	13.7	14.63	12.23	16.67	13.91	14.61	12.93	14.8	15.75	100.0	48.99	13.41	14.88	12.65	16.51	13.27	15.77	14.67	14.66	14.95	14.82	14.37	14.66	16.43	15.62	14.95	11.9	12.0	14.29	14.12	16.83	14.14	12.82	16.56	11.98	9.66
pgh2	10.62	12.54	15.09	13.69	12.96	11.65	12.26	11.51	14.31	16.52	13.26	14.21	13.11	14.01	14.74	14.76	12.92	11.72	13.63	10.36	13.72	17.79	14.41	12.35	8.86	14.06	16.1	12.78	11.99	13.3	12.52	11.81	10.04	12.77	8.81	11.09	12.32	6.27	16.37	13.31	11.89	17.27	14.39	11.93	12.52	13.29	10.87	6.45	15.43	13.27	11.07	13.14	13.32	10.49	9.3	13.46	11.93	13.6	11.52	13.19	14.34	16.32	11.33	11.66	11.84	14.01	12.68	13.13	11.4	13.2	14.86	14.48	12.63	13.78	13.95	48.99	100.0	12.95	12.36	12.88	11.44	12.48	12.01	13.03	12.36	14.11	12.97	15.85	15.22	12.23	15.54	13.19	12.77	10.18	13.43	10.99	15.2	12.37	10.55	13.75	10.65	8.47
plk1	15.87	17.36	10.88	14.74	15.32	18.51	14.49	15.54	25.74	22.6	15.63	15.72	14.87	14.78	16.19	21.41	15.94	16.04	22.22	16.67	15.27	15.22	23.21	14.97	17.05	13.75	11.69	15.74	14.29	20.81	15.25	17.38	17.3	16.97	13.52	23.9	23.66	11.98	11.57	17.3	13.71	14.55	13.14	17.2	16.08	16.16	14.44	10.37	16.51	10.65	12.27	13.86	22.51	12.25	13.36	27.86	16.62	21.07	17.29	23.15	21.69	12.45	22.78	17.08	21.31	24.47	23.75	24.92	17.62	19.57	13.28	15.14	12.24	11.97	13.31	13.41	12.95	100.0	14.85	13.25	16.14	15.49	16.67	15.24	19.71	13.56	18.75	15.06	22.09	15.13	16.18	25.0	21.65	16.21	15.61	12.46	14.42	15.08	15.51	22.33	20.63	14.29
pnph	14.97	16.61	11.61	14.81	16.25	14.87	17.57	18.08	14.12	15.92	15.68	15.09	14.56	13.11	14.49	15.17	13.38	15.44	18.24	15.55	15.88	13.58	16.83	14.93	17.65	14.99	11.38	16.62	17.8	15.41	14.59	15.81	15.52	17.25	13.51	16.14	15.69	15.45	11.99	13.6	18.34	13.62	19.43	15.58	16.32	13.85	15.3	10.66	15.08	12.71	14.6	16.77	14.06	18.58	13.73	13.86	15.65	16.22	16.33	15.43	15.43	12.5	14.7	15.15	14.85	13.19	14.94	18.03	14.71	16.57	15.21	15.38	13.27	14.39	15.59	14.88	12.36	14.85	100.0	14.43	13.4	16.55	16.98	15.48	20.46	15.11	17.18	14.32	13.92	18.75	14.49	16.15	16.33	13.94	14.98	14.62	14.64	14.25	15.26	15.91	17.99	12.31
ppara	14.67	17.13	12.12	14.41	13.88	14.67	18.86	15.71	18.53	15.79	16.71	14.6	15.07	14.44	12.28	16.85	14.33	17.1	16.4	15.3	13.4	13.03	15.38	18.27	15.33	16.45	11.67	14.89	15.47	18.12	17.84	15.97	18.24	17.26	12.75	18.12	15.43	13.83	15.36	16.05	20.56	12.68	14.68	14.38	13.24	15.57	16.25	10.28	12.62	11.82	18.01	15.76	15.22	17.38	15.41	14.67	14.63	17.48	16.0	14.42	15.21	12.73	15.69	17.08	16.46	17.33	14.66	18.39	15.47	17.53	14.21	14.97	16.23	13.16	16.16	12.65	12.88	13.25	14.43	100.0	65.06	60.24	16.87	14.51	18.18	15.64	16.2	15.58	14.13	23.4	15.25	15.82	15.79	21.32	15.36	15.25	13.68	13.43	15.46	17.92	16.38	12.45
ppard	16.08	18.45	12.31	14.44	17.97	16.27	14.53	14.33	15.57	15.38	15.89	12.92	15.15	14.16	13.66	14.85	19.17	17.24	17.91	14.38	15.19	16.74	16.41	16.57	13.72	19.38	11.18	14.6	15.64	17.42	15.3	16.61	14.68	15.38	12.14	14.92	16.95	12.96	12.28	14.04	15.22	14.85	16.06	17.22	16.71	16.71	15.22	10.61	16.05	14.53	17.65	15.12	18.18	16.29	13.38	15.64	15.94	15.77	19.05	14.96	15.24	13.83	16.09	16.96	17.02	13.79	17.28	20.0	16.78	16.39	14.36	15.44	15.09	14.21	15.53	16.51	11.44	16.14	13.4	65.06	100.0	57.89	17.25	15.5	19.21	14.89	16.26	15.19	14.99	20.96	15.56	15.29	16.51	21.75	15.62	13.25	13.22	17.38	14.79	19.94	17.22	12.0
pparg	11.46	16.41	11.92	13.57	16.62	16.34	14.97	12.5	18.89	17.22	14.98	15.36	14.07	14.81	12.21	16.29	17.16	15.12	17.09	13.36	15.05	13.85	14.1	19.81	17.89	16.15	10.57	14.7	15.88	18.77	18.25	19.37	16.56	15.48	13.33	18.06	17.27	12.7	13.12	15.58	20.21	13.14	14.77	15.89	16.07	15.7	16.96	10.0	16.31	11.88	17.16	15.58	17.11	20.58	16.6	17.46	13.46	15.99	17.68	16.17	14.04	15.09	17.39	16.79	15.49	18.03	15.53	20.27	15.23	14.24	14.92	14.07	14.55	12.18	16.91	13.27	12.48	15.49	16.55	60.24	57.89	100.0	15.51	20.66	17.07	14.04	18.06	14.29	15.03	21.03	16.22	14.95	18.18	22.9	14.46	15.71	13.72	16.27	13.98	17.99	13.83	12.04
prgr	15.2	13.22	14.72	15.13	17.23	14.94	17.51	16.51	15.28	15.95	16.76	14.39	42.52	16.53	15.4	16.62	14.87	13.87	18.23	17.06	14.55	15.98	16.72	16.04	14.08	16.9	13.12	16.62	14.73	14.6	21.02	25.64	12.58	16.31	10.49	17.89	13.53	8.93	15.04	15.34	42.67	13.97	13.54	15.08	13.39	13.66	14.81	10.28	14.96	13.53	16.34	17.24	15.18	15.29	15.23	15.8	16.76	16.12	16.48	14.85	14.17	11.61	16.92	43.45	15.47	18.29	15.08	16.25	13.38	18.38	13.45	16.67	15.6	16.28	15.93	15.77	11.88	16.67	16.98	16.87	17.25	15.51	100.0	17.08	14.37	15.21	16.52	16.55	15.16	18.52	16.47	14.8	15.48	15.29	12.99	12.9	11.58	14.37	13.41	16.02	16.67	14.13
ptn1	13.81	15.09	13.06	12.88	13.4	14.64	14.08	14.9	15.6	14.57	14.75	12.99	16.56	11.29	13.82	14.99	17.38	13.79	15.11	14.75	13.47	13.2	15.48	16.48	14.79	16.71	13.83	13.98	14.23	16.45	14.59	14.45	15.95	13.54	16.22	19.93	19.73	11.07	12.09	14.66	13.54	10.95	14.33	17.28	15.98	15.5	12.84	12.25	18.06	10.87	14.98	14.01	19.43	17.79	13.45	16.89	18.89	15.98	15.95	14.96	16.45	14.04	14.53	16.49	16.62	14.6	16.82	16.11	13.33	15.04	14.32	16.03	13.82	14.5	14.25	14.67	13.03	15.24	15.48	14.51	15.5	20.66	17.08	100.0	16.62	15.97	16.14	15.78	15.32	16.5	14.04	13.4	16.16	19.0	15.54	16.99	13.56	17.12	16.89	14.94	16.55	13.53
pur2	16.15	13.74	11.81	14.51	16.44	16.72	16.83	18.24	16.15	14.56	16.12	14.53	17.45	13.02	13.78	16.03	16.24	15.04	16.72	19.71	14.04	13.05	16.88	13.64	16.14	13.66	11.84	17.74	16.18	14.24	16.54	18.39	14.78	16.35	12.41	16.04	14.66	12.75	11.52	17.51	15.02	14.2	15.99	15.53	12.5	15.79	15.04	14.17	15.34	11.11	17.06	16.42	14.91	18.39	13.92	14.33	18.87	15.87	14.25	16.06	12.71	13.8	14.92	16.1	15.31	16.67	20.32	15.96	14.63	13.48	13.19	13.66	16.05	15.3	14.76	14.66	12.36	19.71	20.46	18.18	19.21	17.48	14.37	16.62	100.0	14.89	18.1	17.75	15.88	18.21	14.93	15.53	15.18	15.07	13.5	14.59	16.02	16.57	16.33	19.25	17.18	13.44
pygm	16.12	15.89	14.47	14.67	15.73	15.15	14.91	14.78	15.09	14.95	15.47	14.02	14.74	16.7	15.95	16.86	12.0	12.25	16.46	13.37	16.67	15.88	16.59	15.2	10.18	17.45	15.63	14.49	14.25	12.11	14.25	15.91	15.74	13.44	9.45	15.04	16.12	7.94	13.73	15.26	12.47	15.02	16.1	15.04	16.74	12.31	12.32	8.38	15.61	16.21	12.4	12.76	14.86	15.79	11.14	15.29	14.45	13.54	15.21	12.91	14.15	14.42	13.33	14.11	13.08	13.26	15.4	14.84	11.68	16.0	15.66	15.67	16.26	16.01	13.26	14.95	14.11	13.56	15.11	15.64	14.89	14.04	15.21	15.97	14.89	100.0	13.86	18.57	16.27	15.8	16.98	12.63	16.42	13.68	15.67	15.09	17.92	16.24	13.63	14.12	12.72	9.34
pyrd	13.89	16.03	14.21	13.59	16.03	15.72	14.88	14.07	15.38	17.05	14.96	15.95	16.77	14.14	16.33	17.02	21.45	13.46	19.3	13.61	15.9	16.3	16.08	16.06	15.55	16.71	12.48	15.59	13.53	17.35	15.69	15.24	16.23	15.36	13.7	18.91	18.99	11.7	12.88	16.19	13.31	14.86	15.38	14.98	14.9	16.99	14.19	10.6	17.77	12.67	15.65	16.67	16.26	19.49	16.04	15.27	14.79	14.5	15.98	15.21	18.98	13.33	15.31	15.29	17.19	17.68	14.2	18.57	14.93	18.92	17.41	13.3	13.15	18.62	17.31	14.32	12.97	18.75	17.18	16.2	16.26	18.06	16.52	16.14	18.1	13.86	100.0	15.49	14.22	17.67	14.94	17.83	16.67	15.99	16.08	18.33	15.86	15.17	18.01	15.86	14.81	13.07
reni	14.48	15.44	16.51	16.51	17.63	13.08	15.78	14.84	18.91	16.7	15.16	17.55	14.11	14.82	22.17	14.76	15.04	10.29	15.23	11.92	13.99	18.82	13.73	15.97	12.88	16.67	17.93	14.66	12.78	16.38	13.16	13.33	13.3	15.0	10.12	14.11	13.8	8.48	14.24	16.78	13.86	14.63	14.81	12.65	15.42	15.62	12.95	7.98	14.57	14.98	13.48	15.12	13.65	12.86	11.71	15.18	18.16	15.12	16.55	15.57	15.1	17.81	13.11	14.13	15.44	16.59	15.69	14.71	11.6	15.47	16.63	16.78	17.27	11.8	16.04	14.37	15.85	15.06	14.32	15.58	15.19	14.29	16.55	15.78	17.75	18.57	15.49	100.0	16.41	13.55	13.92	14.08	15.22	13.79	15.12	13.87	16.96	16.63	14.94	15.56	14.98	9.26
rock1	15.0	20.42	14.29	16.14	17.7	15.61	14.72	14.74	33.73	31.77	14.51	15.96	16.02	15.84	17.38	18.43	16.67	14.37	23.73	12.84	16.29	14.26	18.91	18.23	14.37	17.28	14.31	14.14	14.87	19.29	13.1	16.62	13.58	14.89	13.11	18.64	20.45	9.39	14.6	13.64	17.24	15.13	16.28	14.44	17.41	16.42	15.36	9.88	16.92	11.92	16.81	16.85	19.54	14.66	11.28	18.92	16.53	17.23	17.57	34.02	21.49	15.94	22.45	13.58	20.56	22.54	21.24	23.36	12.32	23.91	17.26	15.51	15.54	16.96	15.59	14.66	15.22	22.09	13.92	14.13	14.99	15.03	15.16	15.32	15.88	16.27	14.22	16.41	100.0	14.93	16.95	21.24	17.96	11.8	14.88	12.99	13.9	17.24	14.78	19.89	19.54	11.9
rxra	16.93	14.01	9.39	13.17	16.57	13.83	17.69	14.04	14.24	13.55	13.84	14.32	21.96	14.16	14.47	17.77	18.06	12.79	19.33	16.67	16.18	13.0	16.01	15.32	15.16	15.25	9.36	16.56	18.92	17.83	32.34	25.17	17.67	17.18	12.0	14.84	17.49	11.74	11.29	13.64	21.76	12.78	14.09	17.6	13.97	15.08	15.67	12.16	13.98	10.5	16.85	20.79	15.46	15.0	18.45	15.91	19.32	15.97	17.06	14.87	16.05	12.07	14.24	21.26	16.5	15.82	14.48	15.36	16.79	13.01	15.28	14.33	13.25	11.65	13.39	16.43	12.23	15.13	18.75	23.4	20.96	21.03	18.52	16.5	18.84	15.8	17.67	13.55	14.93	100.0	13.78	16.49	17.01	20.92	14.84	13.98	14.72	14.89	17.31	18.86	19.61	15.79
sahh	13.96	16.26	15.67	15.12	15.45	13.28	14.95	15.62	16.25	16.38	14.45	13.73	14.01	15.99	17.58	17.33	15.83	12.09	18.2	12.85	16.84	16.43	15.9	14.78	11.83	14.25	15.55	15.68	12.22	16.67	14.47	14.32	14.83	14.66	10.82	13.47	17.31	9.35	13.11	14.49	15.46	15.74	17.39	14.5	17.18	17.11	12.16	7.79	13.59	16.56	13.2	18.07	15.76	15.55	13.03	13.69	16.35	16.27	15.86	17.99	16.82	15.74	15.06	14.86	15.53	15.38	16.36	14.39	11.62	16.93	15.29	16.92	16.02	16.53	16.18	15.62	15.54	16.18	14.49	15.25	15.56	16.22	16.47	14.04	14.93	16.98	14.94	13.92	16.95	13.78	100.0	15.4	17.35	14.93	14.59	12.8	15.97	14.22	12.86	16.32	12.79	12.63
src	16.87	38.93	12.5	12.37	14.03	15.59	16.21	16.12	24.09	19.25	16.57	11.78	16.44	13.81	16.38	26.18	19.14	18.47	24.15	13.96	13.08	14.19	30.1	14.37	15.44	15.47	10.55	15.95	17.29	30.92	14.24	15.9	16.08	20.0	14.69	37.65	35.34	12.02	12.77	14.33	16.49	12.72	15.57	15.99	13.65	14.52	17.05	12.29	15.81	11.24	17.56	15.48	33.21	17.07	16.27	29.6	17.97	29.29	13.64	21.7	56.87	12.32	20.22	15.65	31.16	23.1	22.22	24.32	19.69	22.88	17.37	15.72	12.68	15.21	14.77	14.95	13.19	25.0	16.15	15.82	15.29	14.95	14.8	13.4	15.53	12.63	17.83	14.08	21.24	16.49	15.4	100.0	25.17	17.95	16.5	14.03	13.05	15.67	14.24	28.95	19.03	15.45
tgfr1	16.57	21.9	12.86	13.22	14.42	15.24	13.61	14.68	22.42	21.53	16.99	15.89	13.77	13.5	15.95	26.12	18.04	16.39	22.43	15.7	13.8	14.07	20.83	14.92	14.44	14.61	11.62	13.41	16.07	21.66	17.01	15.03	15.34	14.72	12.77	24.73	23.83	11.85	12.39	17.17	17.92	11.63	17.66	14.89	14.67	16.22	16.23	13.86	17.08	13.18	16.32	17.35	22.41	16.07	14.02	27.06	13.19	20.0	16.77	19.65	26.92	12.57	16.94	14.56	21.29	22.37	21.71	20.06	13.68	21.04	14.89	14.87	13.43	12.41	15.27	11.9	12.77	21.65	16.33	15.79	16.51	18.18	15.48	16.16	15.18	16.42	16.67	15.22	18.08	17.01	17.35	25.17	100.0	15.22	16.67	17.16	12.29	15.36	18.24	18.98	22.91	12.27
thb	15.38	16.72	11.82	12.34	14.37	16.42	13.54	13.36	16.83	15.58	16.67	13.47	16.92	14.58	13.71	17.61	18.12	16.21	16.72	17.5	15.08	15.38	14.72	13.3	15.57	16.22	12.06	14.73	17.53	18.49	22.18	19.45	13.0	17.81	15.93	16.36	18.03	14.1	10.45	14.33	19.63	13.52	13.6	13.99	14.51	13.76	15.73	11.4	15.41	11.8	17.28	15.48	19.4	16.25	18.44	14.24	12.22	18.33	15.89	14.75	19.78	12.22	17.89	19.92	15.77	15.84	17.68	15.48	15.69	16.8	15.98	12.43	15.24	14.81	14.53	12.0	10.18	16.21	13.03	21.32	21.75	22.9	15.29	19.0	15.07	13.68	15.99	15.23	11.8	20.92	14.93	17.95	15.22	100.0	14.47	13.26	13.35	12.5	12.54	16.77	19.4	13.39
thrb	15.2	17.63	13.51	13.21	15.24	17.57	16.76	13.42	15.14	17.24	16.21	15.49	13.82	14.11	14.22	17.69	14.15	16.17	17.14	17.02	15.48	13.47	15.41	10.61	17.1	12.89	12.67	15.76	13.2	16.28	12.85	14.03	34.98	29.96	12.04	16.24	14.6	14.34	11.07	16.24	14.16	14.37	17.34	14.24	15.17	15.15	16.37	7.63	16.95	13.04	16.49	17.52	16.34	18.83	15.85	15.2	18.24	15.08	13.16	13.42	16.51	12.75	15.74	15.23	17.23	16.27	15.09	15.02	12.42	12.56	13.53	17.5	14.11	17.38	13.46	14.29	13.33	15.46	14.98	15.36	15.62	14.46	12.99	15.54	13.5	15.67	16.08	15.12	14.88	14.84	14.59	16.5	16.67	14.47	100.0	30.22	19.91	18.29	25.82	11.89	17.82	12.54
try1	14.01	17.22	9.84	12.75	11.54	15.88	13.64	12.58	13.15	12.53	16.61	13.58	15.77	14.11	16.45	14.25	13.64	12.73	12.91	16.39	12.3	13.86	16.5	14.98	15.02	13.74	11.49	17.42	15.75	13.45	15.49	12.84	36.18	36.43	14.81	17.05	12.26	11.48	11.55	14.53	16.78	11.66	17.48	14.19	13.73	16.1	13.52	12.24	14.52	11.75	13.57	13.79	17.11	15.85	15.1	15.81	15.44	14.85	12.84	12.35	14.14	12.47	13.85	12.32	16.72	15.51	17.22	13.59	16.92	13.73	15.26	16.13	16.12	14.71	14.24	14.12	10.99	12.46	14.62	15.25	14.01	15.71	12.9	16.67	14.59	15.09	17.95	13.87	12.99	13.98	12.8	14.03	17.16	13.26	30.22	100.0	21.99	13.17	35.8	11.71	16.6	15.29
tryb1	13.69	14.8	15.3	13.86	16.77	12.22	13.12	14.02	12.91	12.31	15.45	17.78	12.36	18.71	14.54	13.15	13.66	11.81	12.84	13.05	15.37	15.7	16.86	13.93	10.95	12.79	15.32	14.05	11.37	12.25	14.52	13.44	19.67	21.9	9.83	12.88	13.73	9.52	13.06	14.49	12.36	14.86	14.26	14.58	13.66	13.99	13.72	9.62	16.03	15.16	11.62	15.7	15.03	15.79	11.3	12.44	13.03	14.9	12.8	14.58	14.91	16.54	13.18	11.76	15.9	14.5	12.63	15.85	12.24	13.15	15.64	15.29	16.21	15.97	12.5	16.83	15.2	14.42	14.64	13.68	13.22	13.72	11.58	13.56	15.86	18.87	15.86	16.96	13.9	14.72	15.97	13.05	12.29	13.35	19.91	21.99	100.0	14.29	20.62	14.19	11.72	10.05
tysy	15.95	15.12	14.07	13.81	16.8	16.62	15.34	15.03	14.17	15.9	16.54	16.07	16.22	14.0	15.88	15.35	15.2	13.89	16.67	13.33	15.71	14.5	14.29	13.18	12.81	15.59	13.08	13.76	14.47	15.43	13.02	17.61	15.13	16.24	11.25	18.13	14.29	12.03	13.83	15.13	15.43	13.42	17.79	17.37	14.7	13.44	14.45	10.31	16.53	10.91	14.58	14.92	14.29	15.92	9.7	19.94	14.08	17.41	15.0	16.28	17.58	13.93	16.95	14.62	13.86	15.6	15.04	14.25	12.57	18.58	14.73	15.96	13.78	15.53	17.32	14.14	12.37	15.08	14.25	13.43	17.38	16.27	14.37	17.12	16.57	16.24	15.17	16.63	17.24	14.89	14.22	15.67	15.36	12.47	18.29	13.17	13.99	100.0	14.98	13.9	13.47	10.59
urok	15.65	15.02	12.66	13.62	12.57	16.06	14.85	14.58	16.38	13.97	15.66	14.83	18.28	15.45	17.3	14.36	17.14	15.62	13.48	13.01	15.19	11.92	18.09	16.04	13.65	15.12	12.21	14.96	14.48	17.35	14.61	14.7	32.67	30.08	14.89	15.02	13.09	13.87	13.04	13.35	11.9	12.27	14.12	15.86	13.55	14.48	13.29	14.29	17.32	10.81	16.48	15.36	14.29	15.18	14.12	16.5	17.57	15.82	17.08	14.75	13.92	11.7	16.07	15.74	16.93	13.03	15.38	17.3	16.07	13.6	14.46	15.79	14.76	14.63	14.53	12.82	10.55	15.46	15.26	15.46	13.64	13.98	13.41	16.89	16.33	13.63	18.01	14.94	14.78	17.31	12.86	14.24	18.24	12.54	25.82	35.8	20.62	14.98	100.0	16.0	16.43	13.28
vgfr2	13.59	31.19	12.72	16.09	16.31	15.5	16.81	17.54	21.74	20.2	19.71	15.99	17.21	16.1	17.73	27.15	16.42	12.06	22.06	12.77	16.4	15.04	38.76	19.13	12.75	14.58	14.12	16.53	14.77	30.48	18.18	16.97	14.77	16.77	11.9	28.39	42.72	11.4	12.01	18.03	17.0	16.43	16.07	17.6	14.12	16.02	16.31	9.57	16.16	13.53	15.05	16.17	29.48	17.24	11.54	27.51	15.36	38.86	17.65	22.74	29.66	14.1	19.43	18.88	31.0	21.33	21.11	22.52	13.53	19.13	14.82	15.74	13.29	17.18	15.38	16.56	13.75	22.33	15.91	17.92	19.94	17.99	16.02	14.94	19.25	14.12	15.86	15.56	19.89	18.86	16.32	28.95	18.98	16.77	11.89	11.71	14.19	13.9	16.0	100.0	17.45	11.54
wee1	15.59	17.18	10.46	12.34	15.97	14.54	14.33	16.72	19.27	17.7	14.5	14.51	16.17	12.4	15.48	17.39	18.4	13.89	17.9	16.12	12.87	13.91	20.0	15.58	16.8	16.82	11.71	15.46	14.71	21.77	15.3	16.26	15.7	14.8	13.19	22.52	19.54	11.59	10.64	16.2	21.48	13.09	13.68	13.82	13.81	17.85	16.6	12.55	16.67	11.13	17.11	13.78	18.51	16.91	13.03	21.88	18.24	18.46	13.92	18.38	22.18	11.79	22.22	15.22	19.4	19.57	23.05	19.18	15.95	19.38	14.11	14.37	13.65	15.14	15.07	11.98	10.65	20.63	17.99	16.38	17.22	13.83	16.67	16.55	17.18	12.72	14.81	14.98	19.54	19.61	12.79	19.03	22.91	19.4	17.82	16.6	11.72	13.47	16.43	17.45	100.0	16.67
xiap	12.25	10.92	8.63	11.55	12.35	17.62	11.72	9.92	14.38	12.32	12.94	10.83	14.53	9.69	9.65	9.48	13.33	11.93	11.97	12.44	11.49	8.94	13.0	12.86	12.18	11.04	7.79	10.75	12.33	15.44	14.54	12.68	13.99	11.93	16.76	13.96	14.62	17.22	8.27	10.6	15.04	9.26	12.58	13.71	11.5	11.83	13.78	16.31	13.99	7.71	15.45	11.04	14.06	11.48	12.44	13.67	12.68	11.79	12.46	12.66	12.31	8.49	13.15	13.33	12.09	15.69	12.5	12.06	16.43	11.66	13.64	12.64	10.74	11.36	12.89	9.66	8.47	14.29	12.31	12.45	12.0	12.13	14.13	12.59	13.44	9.34	13.07	9.26	11.9	15.79	12.63	15.35	12.27	13.39	12.54	15.29	10.05	10.59	13.28	11.54	16.67	100.0
